restaurantRating,restaurantName,restaurantAddress,restaurantCuisine,restaurantContact,restaurantBusinessHours,restaurantPricing,isHalal
4.4,Janxden Greenlife,"205, Jalan Hutton, 10050 George Town, Pulau Pinang",Chinese ,012-434 3213,"{'Friday': '8:30 am to 9:30 pm', 'Saturday': '8:30 am to 9:30 pm', 'Sunday': '8:30 am to 9:30 pm', 'Monday': '8:30 am to 9:30 pm', 'Tuesday': '8:30 am to 9:30 pm', 'Wednesday': 'Closed', 'Thursday': '8:30 am to 9:30 pm'}",2,No
4,Nam Prik Thai Restaurant,"6G-2-16, All Seasons Place, Lbh Thean Teik, Bandar Baru Air Itam, 11500 Ayer Itam, Pulau Pinang",Thai ,018-779 0799,"{'Friday': '11:30 am to 2:30 pm, 6 to 9:30 pm', 'Saturday': '11:30 am to 2:30 pm, 6 to 9:30 pm', 'Sunday': '11:30 am to 2:30 pm, 6 to 9:30 pm', 'Monday': '11:30 am to 2:30 pm, 6 to 9:30 pm', 'Tuesday': '11:30 am to 2:30 pm, 6 to 9:30 pm', 'Wednesday': '11:30 am to 2:30 pm, 6 to 9:30 pm', 'Thursday': '11:30 am to 2:30 pm, 6 to 9:30 pm'}",2,No
4.2,Cherry Blossom Thai Restaurant,"29-1-51, The Golden Triangle, Jln Paya Terubung, Relau, 11900 Bayan Lepas, Penang",Thai ,016-426 1626,"{'Friday': '11:30 am to 3 pm, 5:30 to 10 pm', 'Saturday': '11:30 am to 3 pm, 5:30 to 10 pm', 'Sunday': '11:30 am to 3 pm, 5:30 to 10 pm', 'Monday': '11:30 am to 3 pm, 5:30 to 10 pm', 'Tuesday': 'Closed', 'Wednesday': '11:30 am to 3 pm, 5:30 to 10 pm', 'Thursday': '11:30 am to 3 pm, 5:30 to 10 pm'}",2,No
3.9,Thai Tuk Tuk Restaurant Gelugor,"Penang, Gelugor, Sungai Dua, 723-Q-G, Vanda Business ParkJalan",Thai ,016-765 3339,"{'Friday': '11 am to 11:30 pm', 'Saturday': '11 am to 11:30 pm', 'Sunday': '11 am to 11:30 pm', 'Monday': '11 am to 11:30 pm', 'Tuesday': '11 am to 11:30 pm', 'Wednesday': 'Closed', 'Thursday': '11 am to 11:30 pm'}",2,No
3.9,WhatSaeb - The One Mahsuri,"The One, 2-1-25 Tingkat Mahsuri, Jalan Mahsuri, Bayan Baru, 11900 Bayan Lepas, Pulau Pinang",Thai ,016-755 5178,"{'Friday': '11:30 am to 9:30 pm', 'Saturday': '11:30 am to 9:30 pm', 'Sunday': '11:30 am to 9:30 pm', 'Monday': '11:30 am to 9:30 pm', 'Tuesday': '11:30 am to 9:30 pm', 'Wednesday': '11:30 am to 9:30 pm', 'Thursday': '11:30 am to 9:30 pm'}",2,No
3.5,Mama Thai Best,"350, Jln Perak, Jelutong, 11600 George Town, Penang",Thai ,011-5588 2126,"{'Friday': '12 pm to 12 am', 'Saturday': '12 pm to 12 am', 'Sunday': '12 pm to 12 am', 'Monday': 'Closed', 'Tuesday': '12 pm to 12 am', 'Wednesday': '12 pm to 12 am', 'Thursday': '12 pm to 12 am'}",1,No
4.8,The Secret Tunnel,"60, Lebuhraya Gelugor, Jelutong, 11600 George Town, Pulau Pinang",Thai ,017-636 2639,"{'Friday': '11 am to 10 pm', 'Saturday': '11 am to 10 pm', 'Sunday': '11 am to 10 pm', 'Monday': '11 am to 10 pm', 'Tuesday': '11 am to 10 pm', 'Wednesday': 'Closed', 'Thursday': '11 am to 10 pm'}",2,No
3.8,Boat Noodle - Queensbay Mall,"Queensbay Mall, 3F-19B, 100, Persiaran Bayan Indah, 11900 Bayan Lepas, Pulau Pinang",Thai ,011-2601 9755,"{'Friday': '10:30 am to 10 pm', 'Saturday': '10:30 am to 10 pm', 'Sunday': '10:30 am to 10 pm', 'Monday': '10:30 am to 10 pm', 'Tuesday': '10:30 am to 10 pm', 'Wednesday': '10:30 am to 10 pm', 'Thursday': '10:30 am to 10 pm'}",2,Yes
4,Chang Thai Restaurant,"6G-2-10, All Seasons Place, Thean Tek Hwy, 11500 George Town, Penang",Thai ,010-382 6110,"{'Friday': '11 am to 3 pm, 6 to 10 pm', 'Saturday': '11 am to 3 pm, 6 to 10 pm', 'Sunday': '11 am to 3 pm, 6 to 10 pm', 'Monday': '11 am to 3 pm, 6 to 10 pm', 'Tuesday': '11 am to 3 pm, 6 to 10 pm', 'Wednesday': '11 am to 3 pm, 6 to 10 pm', 'Thursday': '11 am to 3 pm, 6 to 10 pm'}",2,No
4.2,Thai Shop,"4, Jalan Siam, George Town, 10400 George Town, Pulau Pinang",Thai ,012-741 1868,"{'Friday': '11:45 am to 2:45 pm, 5:30 to 9:30 pm', 'Saturday': '11:45 am to 2:45 pm, 5:30 to 9:30 pm', 'Sunday': '11:45 am to 2:45 pm, 5:30 to 9:30 pm', 'Monday': 'Closed', 'Tuesday': '11:45 am to 2:45 pm, 5:30 to 9:30 pm', 'Wednesday': '11:45 am to 2:45 pm, 5:30 to 9:30 pm', 'Thursday': '11:45 am to 2:45 pm, 5:30 to 9:30 pm'}",2,No
4.2,Wang Thai Restaurant,"294, Jalan Burma, Pulau Tikus, 10350 George Town, Pulau Pinang",Thai ,012-600 1748,"{'Friday': '11:30 am to 3 pm, 6 to 10 pm', 'Saturday': '11:30 am to 3 pm, 6 to 10 pm', 'Sunday': '11:30 am to 3 pm, 6 to 10 pm', 'Monday': '11:30 am to 3 pm, 6 to 10 pm', 'Tuesday': '11:30 am to 3 pm, 6 to 10 pm', 'Wednesday': 'Closed', 'Thursday': '11:30 am to 3 pm, 6 to 10 pm'}",2,No
3.7,Khun De (Batu Lanchang),"80 C, Jln Tan Sri Teh Ewe Lim, Taman Koperasi Jelutong, 11600 George Town, Pulau Pinang",Thai ,04-282 9690,"{'Friday': '11:30 am to 10 pm', 'Saturday': '11:30 am to 10 pm', 'Sunday': '11:30 am to 10 pm', 'Monday': '11:30 am to 10 pm', 'Tuesday': '11:30 am to 10 pm', 'Wednesday': '11:30 am to 10 pm', 'Thursday': '11:30 am to 10 pm'}",2,No
4.9,ParaThai @ Gurney Plaza,"Lot B1-31, Gurney Plaza, Gurney Dr, 10250 George Town, Penang",Thai ,04-412 1388,"{'Friday': '11 am to 10 pm', 'Saturday': '11 am to 10 pm', 'Sunday': '11 am to 10 pm', 'Monday': '11 am to 10 pm', 'Tuesday': '11 am to 10 pm', 'Wednesday': '11 am to 10 pm', 'Thursday': '11 am to 10 pm'}",2,Yes
4.4,Blue Chang MODERN THAI CUISINE,"417, Jalan Burma, Pulau Tikus, 10350 George Town, Pulau Pinang",Thai ,010-274 7351,"{'Friday': '12 to 10 pm', 'Saturday': '12 to 10 pm', 'Sunday': '12 to 10 pm', 'Monday': '12 to 10 pm', 'Tuesday': 'Closed', 'Wednesday': '12 to 10 pm', 'Thursday': '12 to 10 pm'}",2,No
4.3,Hana Thai Kitchen,"26, Jalan Moulmein, Pulau Tikus, 10350 George Town, Pulau Pinang",Thai ,04-227 7599,"{'Friday': '11:30 am to 2:30 pm, 5:30 to 9:30 pm', 'Saturday': '11:30 am to 2:30 pm, 5:30 to 9:30 pm', 'Sunday': '11:30 am to 2:30 pm, 5:30 to 9:30 pm', 'Monday': 'Closed', 'Tuesday': '11:30 am to 2:30 pm, 5:30 to 9:30 pm', 'Wednesday': '11:30 am to 2:30 pm, 5:30 to 9:30 pm', 'Thursday': '11:30 am to 2:30 pm, 5:30 to 9:30 pm'}",2,No
3.3,Golden Triangle Thai Cuisine,"Q2, Queens waterfront, 11900 Bayan Lepas, Penang",Thai ,012-475 2575,"{'Friday': '11 am to 3 pm, 5 to 10 pm', 'Saturday': '11 am to 3 pm, 5 to 10 pm', 'Sunday': '11 am to 3 pm, 5 to 10 pm', 'Monday': '11 am to 3 pm, 5 to 10 pm', 'Tuesday': '11 am to 3 pm, 5 to 10 pm', 'Wednesday': '11 am to 3 pm, 5 to 10 pm', 'Thursday': '11 am to 3 pm, 5 to 10 pm'}",2,Yes
4.1,Hameediyah Restaurant,"164 A, Lebuh Campbell, street, 10100 George Town, Pulau Pinang",Indian Muslim ,04-261 1095,"{'Friday': '10 am to 10 pm', 'Saturday': '10 am to 10 pm', 'Sunday': '10 am to 10 pm', 'Monday': '10 am to 10 pm', 'Tuesday': '10 am to 10 pm', 'Wednesday': '10 am to 10 pm', 'Thursday': '10 am to 10 pm'}",2,Yes
4,Restoran Nasi Kandar Line Clear,"Beside 161 & 177 Penang Road, George Town, 10000 George Town, Pulau Pinang",Indian ,04-261 4440,"{'Friday': '8 am to 12 am', 'Saturday': '8 am to 12 am', 'Sunday': '8 am to 12 am', 'Monday': '8 am to 12 am', 'Tuesday': '8 am to 12 am', 'Wednesday': '8 am to 12 am', 'Thursday': '8 am to 12 am'}",1,Yes
4.2,Nasi Kandar Beratur 786@Bayan Lepas,"1-1-11, Summerskye Residence, Jalan Sungai Tiram 8, 11900 Bayan Lepas, Pulau Pinang",Indian Muslim ,04-299 9772,"{'Friday': '9 am to 11 pm', 'Saturday': '9 am to 11 pm', 'Sunday': '9 am to 11 pm', 'Monday': '9 am to 11 pm', 'Tuesday': '9 am to 11 pm', 'Wednesday': '9 am to 11 pm', 'Thursday': '9 am to 11 pm'}",1,Yes
3.8,Nasi Kandar Pelita,"146A, Jln Macalister, George Town, 10400 George Town, Pulau Pinang",Indian Muslim ,04-227 6214,"{'Friday': 'Open 24 hours', 'Saturday': 'Open 24 hours', 'Sunday': 'Open 24 hours', 'Monday': 'Open 24 hours', 'Tuesday': 'Open 24 hours', 'Wednesday': 'Open 24 hours', 'Thursday': 'Open 24 hours'}",1,Yes
3.4,Jaya Catering & Restaurant Sdn Bhd,"349-N, Jalan Sultan Azlan Shah, Taman Tun Sardon, 11700 Gelugor, Pulau Pinang",Indian Muslim ,04-658 1989,"{'Friday': '8 am to 10 pm', 'Saturday': '8 am to 10 pm', 'Sunday': '8 am to 10 pm', 'Monday': '8 am to 10 pm', 'Tuesday': '8 am to 10 pm', 'Wednesday': '8 am to 10 pm', 'Thursday': '8 am to 10 pm'}",1,Yes
4.3,CMR 3.0 China Muslim Restaurant,"70-1-12 D'Piazza Mall, Jalan Mahsuri, Bayan Baru, 11950 Bayan Lepas, Pulau Pinang",Malay ,017-596 1423,"{'Friday': '11 am to 3 pm, 5 to 10 pm', 'Saturday': '10:30 am to 3 pm, 5 to 10 pm', 'Sunday': '11 am to 3 pm, 5 to 10 pm', 'Monday': '11 am to 3 pm, 5 to 10 pm', 'Tuesday': '11 am to 3 pm, 5 to 10 pm', 'Wednesday': '11 am to 3 pm, 5 to 10 pm', 'Thursday': '11 am to 3 pm, 5 to 10 pm'}",2,Yes
4.5,Jawi House Cafe Gallery,"85, Lbh Armenian, George Town, 10200 George Town, Pulau Pinang",Malay ,04-261 3680,"{'Friday': '11 am to 9:30 pm', 'Saturday': '11 am to 9:30 pm', 'Sunday': '11 am to 9:30 pm', 'Monday': '11 am to 9:30 pm', 'Tuesday': 'Closed', 'Wednesday': '11 am to 9:30 pm', 'Thursday': '11 am to 9:30 pm'}",2,Yes
4.8,Restoran KSB Cahaya Maju,"454, Beach St, Georgetown, 10300 George Town, Penang",Malay ,014-340 6021,"{'Friday': '7 pm to 2 am', 'Saturday': '7 pm to 2 am', 'Sunday': '7 pm to 2 am', 'Monday': '7 pm to 2 am', 'Tuesday': '7 pm to 2 am', 'Wednesday': '7 pm to 2 am', 'Thursday': '7 pm to 2 am'}",1,Yes
4.6,Lagenda House & Cafe,"2, Lebuh Carnarvon, George Town, 10100 George Town, Pulau Pinang",Malay ,019-472 9030,"{'Friday': '12 to 11 pm', 'Saturday': '12 to 11 pm', 'Sunday': '12 to 11 pm', 'Monday': '12 to 10 pm', 'Tuesday': '12 to 10 pm', 'Wednesday': 'Closed', 'Thursday': '12 to 10 pm'}",2,Yes
4.6,Irama Dining,"2nd Floor, 2, Penang St, George Town, 10200 George Town, Pulau Pinang",Malay ,012-622 9251,"{'Friday': '12 to 10 pm', 'Saturday': '12 to 11 pm', 'Sunday': '12 to 11 pm', 'Monday': '12 to 10 pm', 'Tuesday': 'Closed', 'Wednesday': '12 to 10 pm', 'Thursday': '12 to 10 pm'}",2,Yes
3.9,Sup Hameed,"48, Jln Penang, George Town, 10000 George Town, Pulau Pinang",Indian Muslim ,04-261 8007,"{'Friday': '7:30 am to 3 am', 'Saturday': '7:30 am to 3 am', 'Sunday': '7:30 am to 3 am', 'Monday': '7:30 am to 3 am', 'Tuesday': '7:30 am to 3 am', 'Wednesday': '7:30 am to 3 am', 'Thursday': '7:30 am to 3 am'}",1,Yes
3.9,Nasi Kandar Beratur Original,"98, Jln Masjid Kapitan Keling, George Town, 10200 George Town, Pulau Pinang",Indian Muslim ,012-448 3001,"{'Friday': '12 to 6 am, 9:30 pm to 12 am', 'Saturday': '12 to 6 am, 9:30 pm to 12 am', 'Sunday': '12 to 6 am, 9:30 pm to 12 am', 'Monday': '12 to 6 am, 9:30 pm to 12 am', 'Tuesday': '12 to 6 am, 9:30 pm to 12 am', 'Wednesday': '12 to 6 am, 9:30 pm to 12 am', 'Thursday': '12 to 6 am, 9:30 pm to 12 am'}",2,Yes
4.4,Deens Maju Nasi Kandar,"170, Jalan Gurdwara, 10300 George Town, Pulau Pinang",Indian Muslim ,012-425 2421,"{'Friday': 'Closed', 'Saturday': '12 to 10 pm', 'Sunday': '12 to 10 pm', 'Monday': '12 to 10 pm', 'Tuesday': '12 to 10 pm', 'Wednesday': '12 to 10 pm', 'Thursday': '12 to 10 pm'}",1,Yes
4.2,"Passions Of Kerala@Brown Garden ,Gelugor","No-3&5, Lorong Endah 4, Taman Brown, 11700 Gelugor, Pulau Pinang",Indian ,04-657 8550,"{'Friday': '11 am to 3:30 pm, 6 to 9 pm', 'Saturday': '11 am to 3 pm, 6 to 9 pm', 'Sunday': '11 am to 3 pm, 6 to 9 pm', 'Monday': '11 am to 3 pm, 6 to 9 pm', 'Tuesday': 'Closed', 'Wednesday': '11 am to 3 pm, 6 to 9 pm', 'Thursday': '11 am to 3 pm, 6 to 9 pm'}",2,No
4.1,Woodlands Vegetarian Restaurant,"60, Lebuh Penang, George Town, 10200 George Town, Pulau Pinang",Indian ,04-263 9764,"{'Friday': '8:30 am to 9 pm', 'Saturday': '8:30 am to 9 pm', 'Sunday': '8:30 am to 9 pm', 'Monday': '8:30 am to 9 pm', 'Tuesday': '8:30 am to 9 pm', 'Wednesday': '8:30 am to 9 pm', 'Thursday': '8:30 am to 10 pm'}",2,No
4.1,Gem Restaurant,"66, Lebuh Bishop, George Town, 10450 George Town, Pulau Pinang",Indian ,04-262 4070,"{'Friday': '11 am to 11 pm', 'Saturday': '11 am to 11 pm', 'Sunday': '11 am to 11 pm', 'Monday': '11 am to 11 pm', 'Tuesday': '11 am to 11 pm', 'Wednesday': '11 am to 11 pm', 'Thursday': '11 am to 11 pm'}",2,No
4,Mantra Indian Cuisine,"Bayview Hotel, Georgetown, 10200 George Town, Penang",Indian ,04-261 5625,"{'Friday': '11 am to 10 pm', 'Saturday': '11 am to 10 pm', 'Sunday': '11 am to 10 pm', 'Monday': '11 am to 10 pm', 'Tuesday': '11 am to 10 pm', 'Wednesday': '11 am to 10 pm', 'Thursday': '11 am to 10 pm'}",2,No
4.8,Anamika Spice Kitchen,"8, Lintang Burma, Pulau Tikus, 10350 George Town, Pulau Pinang",Indian ,017-503 3423,"{'Friday': '11 am to 9 pm', 'Saturday': '11 am to 9 pm', 'Sunday': '11 am to 9 pm', 'Monday': 'Closed', 'Tuesday': '11 am to 9 pm', 'Wednesday': '11 am to 9 pm', 'Thursday': '11 am to 9 pm'}",1,No
4.2,d'Tandoor Restaurant Penang,"10-C-22, Precinct, 10, Jln Tanjong Tokong, 10470 Tanjung Tokong, Pulau Pinang",Indian ,019-430 2020,"{'Friday': '11 am to 10 pm', 'Saturday': '11 am to 10 pm', 'Sunday': '11 am to 10 pm', 'Monday': '11 am to 3 pm, 6 to 10 pm', 'Tuesday': '11 am to 3 pm, 6 to 10 pm', 'Wednesday': '11 am to 3 pm, 6 to 10 pm', 'Thursday': '11 am to 3 pm, 6 to 10 pm'}",3,Yes
4,Havana Kitchen (South Indian Restaurant),"F13, Gurney Walk, 18A, Persiaran Gurney, 10250 George Town, Pulau Pinang",Indian ,011-7226 9116,"{'Friday': '8 am to 10 pm', 'Saturday': '8 am to 10 pm', 'Sunday': '8 am to 10 pm', 'Monday': '8 am to 10 pm', 'Tuesday': '8 am to 10 pm', 'Wednesday': '8 am to 10 pm', 'Thursday': '8 am to 10 pm'}",2,No
4.6,"Rockafellers Straits Quay, Penang","3C-G-1, Straits Quay, Jalan Seri Tanjung Pinang Tanjung Tokong, 10470 Pulau Pinang",Indian ,011-2433 8966,"{'Friday': '12 pm to 1 am', 'Saturday': '12 pm to 1 am', 'Sunday': '12 pm to 1 am', 'Monday': '12 pm to 1 am', 'Tuesday': '12 pm to 1 am', 'Wednesday': '12 pm to 1 am', 'Thursday': '12 pm to 1 am'}",2,No
4.5,Bhai Biryani Penang,"119, King Street, George Town, 10200 George Town, Pulau Pinang",Indian ,012-958 1949,"{'Friday': '11 am to 11 pm', 'Saturday': '11 am to 11 pm', 'Sunday': '11 am to 11 pm', 'Monday': '11 am to 11 pm', 'Tuesday': '11 am to 11 pm', 'Wednesday': '11 am to 11 pm', 'Thursday': '11 am to 11 pm'}",2,Yes
3.9,Kashmir Restaurant,"105, Jln Penang, George Town, 10000 George Town, Pulau Pinang",Indian ,016-416 1601,"{'Friday': '11 am to 10 pm', 'Saturday': '11 am to 10 pm', 'Sunday': '4:30 to 10 pm', 'Monday': '11 am to 10 pm', 'Tuesday': '11 am to 10 pm', 'Wednesday': '11 am to 10 pm', 'Thursday': '11 am to 10 pm'}",3,No
4.3,Sardaarji - Flavours of Punjab,"6, Lebuh China, George Town, 10200 George Town, Pulau Pinang",Indian ,04-306 1902,"{'Friday': '11:30 am to 3 pm, 5 to 10 pm', 'Saturday': '11:30 am to 3 pm, 4 to 10 pm', 'Sunday': '11:30 am to 3 pm, 4 to 10 pm', 'Monday': '11:30 am to 3 pm, 5 to 10 pm', 'Tuesday': '11:30 am to 3 pm, 5 to 10 pm', 'Wednesday': '11:30 am to 3 pm, 5 to 10 pm', 'Thursday': '11:30 am to 3 pm, 5 to 10 pm'}",2,Yes
4.4,Masala Hut Authentic Indian Cuisine,"No. 1-1-31 Elit Avenue, Lintang Mayang Pasir 3, Bayan Baru, 11950 Bayan Lepas, Penang",Indian ,012-553 2497,"{'Friday': '11:30 am to 10 pm', 'Saturday': '11:30 am to 10 pm', 'Sunday': '11:30 am to 10 pm', 'Monday': 'Closed', 'Tuesday': '11:30 am to 10 pm', 'Wednesday': '11:30 am to 10 pm', 'Thursday': '11:30 am to 10 pm'}",2,Yes
3.7,Karaikudi Restaurant Bayan Baru,"Lintang Mayang Pasir 3, Elite Height, 11900 Bayan Lepas, Pulau Pinang",Indian ,04-375 3933,"{'Friday': '8 am to 3:30 pm, 5:30 to 10 pm', 'Saturday': '8 am to 3:30 pm, 5:30 to 10 pm', 'Sunday': '8 am to 3:30 pm, 5:30 to 10 pm', 'Monday': '8 am to 3:30 pm, 5:30 to 10 pm', 'Tuesday': '8 am to 3:30 pm, 5:30 to 10 pm', 'Wednesday': '8 am to 3:30 pm, 5:30 to 10 pm', 'Thursday': '8 am to 3:30 pm, 5:30 to 10 pm'}",2,No
3.7,Restaurant Veloo Villas,"28, Lebuh Penang, George Town, 10200 George Town, Pulau Pinang",Indian ,019-445 4517,"{'Friday': '6:30 am to 9:30 pm', 'Saturday': '6:30 am to 9:30 pm', 'Sunday': '6:30 am to 9:30 pm', 'Monday': '6:30 am to 9:30 pm', 'Tuesday': '6:30 am to 9:30 pm', 'Wednesday': '6:30 am to 9:30 pm', 'Thursday': '6:30 am to 9:30 pm'}",1,Yes
4.4,Robataya Izakaya @ Queensbay Mall Japanese Restaurant,"2F-02, Queensbay Mall, 100, Persiaran Bayan Indah, Queens Bay, 14300 Bayan Lepas, Pulau Pinang",Japanese ,011-1174 0577,"{'Friday': '11:15 am to 10:30 pm', 'Saturday': '11:15 am to 10:30 pm', 'Sunday': '11:15 am to 10:30 pm', 'Monday': '11:15 am to 10:30 pm', 'Tuesday': '11:15 am to 10:30 pm', 'Wednesday': '11:15 am to 10:30 pm', 'Thursday': '11:15 am to 10:30 pm'}",2,No
4.3,Sushi Zento Bayan Lepas,"No. 1-1-13 & 13A (Ground Floor), SummerSkye Square, Jalan Sungai Tiram 8, 11900 Bayan Lepas, Penang",Japanese ,016-326 0788,"{'Friday': '11:30 am to 10 pm', 'Saturday': '11:30 am to 10 pm', 'Sunday': '11:30 am to 10 pm', 'Monday': '11:30 am to 2:15 pm, 6 to 9:45 pm', 'Tuesday': '11:30 am to 2:15 pm, 6 to 9:45 pm', 'Wednesday': '11:30 am to 2:15 pm, 6 to 9:45 pm', 'Thursday': '11:30 am to 2:15 pm, 6 to 9:45 pm'}",2,No
4.1,Michi Michi Penang Japanese Restaurant,"72-1-11, Arena Curve, Jalan Mahsuri, Arena Curve, 11950 Bayan Lepas, Pulau Pinang",Japanese ,011-1057 8129,"{'Friday': '11 am to 9 pm', 'Saturday': '11 am to 9 pm', 'Sunday': '11 am to 9 pm', 'Monday': '11 am to 3 pm, 5 to 9 pm', 'Tuesday': '11 am to 3 pm, 5 to 9 pm', 'Wednesday': '11 am to 3 pm, 5 to 9 pm', 'Thursday': '11 am to 3 pm, 5 to 9 pm'}",2,No
3.9,Aburi Sushi Gurney Plaza,"Plaza Gurney, 170-B-37/K21/K22, Persiaran Gurney, 10250 George Town, Pulau Pinang",Japanese ,010-378 8222,"{'Friday': '11 am to 9:45 pm', 'Saturday': '11 am to 9:45 pm', 'Sunday': '11 am to 9:45 pm', 'Monday': '11 am to 9:30 pm', 'Tuesday': '11 am to 9:30 pm', 'Wednesday': '11 am to 9:30 pm', 'Thursday': '11 am to 9:30 pm'}",2,No
3.8,Tsuruya,"15, Blok, E-GATE 1 - 1, 1, Lebuh Tunku Kudin 2, 11700 Gelugor, Pulau Pinang",Japanese ,04-656 1115,"{'Friday': '11:30 am to 2:30 pm, 6 to 10 pm', 'Saturday': '11:30 am to 2:30 pm, 6 to 10 pm', 'Sunday': '11:30 am to 2:30 pm, 6 to 10 pm', 'Monday': '11:30 am to 2:30 pm, 6 to 10 pm', 'Tuesday': '11:30 am to 2:30 pm, 6 to 10 pm', 'Wednesday': '11:30 am to 2:30 pm, 6 to 10 pm', 'Thursday': '11:30 am to 2:30 pm, 6 to 10 pm'}",2,No
4.4,Sushi YA Jelutong,"349-01-09, Jalan Jelutong, Jelutong, 11600 Jelutong, Pulau Pinang",Japanese ,011-1062 3201,"{'Friday': '11:30 am to 9:30 pm', 'Saturday': '11:30 am to 9:30 pm', 'Sunday': '11:30 am to 9:30 pm', 'Monday': '11:30 am to 9:30 pm', 'Tuesday': '11:30 am to 9:30 pm', 'Wednesday': '11:30 am to 9:30 pm', 'Thursday': '11:30 am to 9:30 pm'}",2,Yes
4.5,Hanabi Udini Square,"Block 2, Udini Square, 01-23, Lebuh Tunku Kudin 3, 11700 George Town, Pulau Pinang",Japanese ,016-238 2368,"{'Friday': '11:30 am to 10 pm', 'Saturday': '11:30 am to 10 pm', 'Sunday': '11:30 am to 10 pm', 'Monday': '11:30 am to 10 pm', 'Tuesday': '11:30 am to 10 pm', 'Wednesday': '11:30 am to 10 pm', 'Thursday': '11:30 am to 10 pm'}",2,No
4.1,Harajuku,"29-1-26, The Golden Triangle, Jln Paya Terubung, Relau, 11900 Bayan Lepas, Pulau Pinang",Japanese ,018-233 6003,"{'Friday': '11 am to 10 pm', 'Saturday': '11 am to 10 pm', 'Sunday': '11 am to 10 pm', 'Monday': '11 am to 10 pm', 'Tuesday': '11 am to 10 pm', 'Wednesday': '11 am to 10 pm', 'Thursday': '11 am to 10 pm'}",2,No
4.2,KAZE Japanese Restaurant,"5-G-1,Promenade, Jalan Mahsuri, 11900 Bayan Baru, Pulau Pinang",Japanese ,04-611 8489,"{'Friday': '11 am to 2:30 pm, 6 to 10 pm', 'Saturday': '11 am to 2:30 pm, 5:30 to 10 pm', 'Sunday': '11 am to 2:30 pm, 5:30 to 10 pm', 'Monday': '11 am to 2:30 pm, 6 to 10 pm', 'Tuesday': '11 am to 2:30 pm, 6 to 10 pm', 'Wednesday': '11 am to 2:30 pm, 6 to 10 pm', 'Thursday': '11 am to 2:30 pm, 6 to 10 pm'}",3,No
3.9,Azuma Queensbay Mall,"L2, No. 100-2F87, Queensbay Mall, Persiaran Bayan Indah, Queens Bay, 14300 Bayan Lepas, Penang",Japanese ,04-641 3118,"{'Friday': '11 am to 9:45 pm', 'Saturday': '11 am to 9:45 pm', 'Sunday': '11 am to 9:45 pm', 'Monday': '11:30 am to 9:30 pm', 'Tuesday': '11:30 am to 9:30 pm', 'Wednesday': '11:30 am to 9:30 pm', 'Thursday': '11:30 am to 9:30 pm'}",2,No
4,Sushi House (All Seasons Place),"6G-1-13, All Seasons Place, Lbh Thean Teik, Bandar Baru Air Itam, 11500 George Town, Pulau Pinang",Japanese ,017-270 9657,"{'Friday': '10:30 am to 9:30 pm', 'Saturday': '10:30 am to 9:30 pm', 'Sunday': '10:30 am to 9:30 pm', 'Monday': '10:30 am to 9:30 pm', 'Tuesday': '10:30 am to 9:30 pm', 'Wednesday': '10:30 am to 9:30 pm', 'Thursday': '10:30 am to 9:30 pm'}",2,No
4.1,Sushi King Gurney Plaza,"Penang, George Town, level 2Gurney Plaza Gurney Plaza, No. 170-02-58, Persiaran Gurney, Pulau Pinang, Gurneyé‚®æ”¿ç¼–ç : 10250",Japanese ,04-227 5285,"{'Friday': '10 am to 10 pm', 'Saturday': '10 am to 10 pm', 'Sunday': '10 am to 10 pm', 'Monday': '10 am to 10 pm', 'Tuesday': '10 am to 10 pm', 'Wednesday': '10 am to 10 pm', 'Thursday': '10 am to 10 pm'}",2,Yes
4.5,Shinwa Ramen,"4k, Jalan Pantai Molek, Kampung Raya Baharu, 10250 Tanjung Tokong, Pulau Pinang",Japanese ,012-425 6995,"{'Friday': '11:30 am to 9:30 pm', 'Saturday': '11:30 am to 9:30 pm', 'Sunday': '11:30 am to 9:30 pm', 'Monday': '11:30 am to 9:30 pm', 'Tuesday': '11:30 am to 9:30 pm', 'Wednesday': '11:30 am to 9:30 pm', 'Thursday': '11:30 am to 9:30 pm'}",2,No
4.3,Sim Japanese Cuisine,"1-01-22, Harmony View, Lintang Slim, Taman Desa Green, 11600 Jelutong, Pulau Pinang",Japanese ,016-406 9480,"{'Friday': '9 am to 2 pm, 5 to 8:30 pm', 'Saturday': '10 am to 2 pm, 5 to 8:30 pm', 'Sunday': '10 am to 2 pm, 5 to 8:30 pm', 'Monday': '10 am to 2 pm, 5 to 8:30 pm', 'Tuesday': '10 am to 2 pm, 5 to 8:30 pm', 'Wednesday': 'Closed', 'Thursday': '10 am to 2 pm, 5 to 8:30 pm'}",1,No
3.8,Western Cottage - Penang Hill,"31B, Jalan Air Itam, 11500 Ayer Itam, Pulau Pinang",Western ,04-826 1890,"{'Friday': '11:30 am to 11 pm', 'Saturday': '11:30 am to 11 pm', 'Sunday': '11:30 am to 11 pm', 'Monday': '11:30 am to 11 pm', 'Tuesday': '11:30 am to 11 pm', 'Wednesday': '11:30 am to 11 pm', 'Thursday': '11:30 am to 11 pm'}",2,No
4,LK Western Food,"494Q, Jalan Air Itam, Kampung Baharu, 11400 Ayer Itam, Pulau Pinang",Western ,012-585 1881,"{'Friday': '11 am to 11 pm', 'Saturday': '11 am to 11 pm', 'Sunday': '11 am to 11 pm', 'Monday': '11 am to 11 pm', 'Tuesday': '11 am to 11 pm', 'Wednesday': '11 am to 11 pm', 'Thursday': '11 am to 11 pm'}",2,No
3.8,Will Western Delight,"539, Jln Masjid Negeri, Taman Gelugur, 11600 Jelutong, Pulau Pinang",Western ,017-413 4330,"{'Friday': '5:45 to 9:45 pm', 'Saturday': '5:45 to 9:45 pm', 'Sunday': '5:45 to 9:45 pm', 'Monday': 'Closed', 'Tuesday': '5:45 to 9:45 pm', 'Wednesday': '5:45 to 9:45 pm', 'Thursday': '5:45 to 9:45 pm'}",2,No
4.5,Farmer's Market Western Cuisine Restaurant,"5-G-9, Persiaran Mahsuri, Bayan Baru, 11900 Bayan Lepas, Pulau Pinang",Western ,016-474 8047,"{'Friday': '11:30 am to 3 pm, 5 to 9 pm', 'Saturday': '11:30 am to 3 pm, 5 to 9 pm', 'Sunday': '11:30 am to 3 pm, 5 to 9 pm', 'Monday': '11:30 am to 3 pm, 5 to 9 pm', 'Tuesday': '11:30 am to 3 pm, 5 to 9 pm', 'Wednesday': '11:30 am to 3 pm, 5 to 9 pm', 'Thursday': '11:30 am to 3 pm, 5 to 9 pm'}",2,No
4.3,James Foo Western Food @Tanjung Tokong,"10-A-09 Precinct, 10, Jalan Tanjung Bungah, Tanjung Tokong, 10470 Tanjung Bungah, Penang",Western ,011-6262 8525,"{'Friday': '11:30 am to 9:30 pm', 'Saturday': '11:30 am to 10 pm', 'Sunday': '11:30 am to 10 pm', 'Monday': '11:30 am to 9:30 pm', 'Tuesday': '11:30 am to 9:30 pm', 'Wednesday': '11:30 am to 9:30 pm', 'Thursday': '11:30 am to 9:30 pm'}",2,Yes
4.2,Yaw's Roast & Grill,"1, Gerbang Midlands, Pulau Tikus, 10250 George Town, Pulau Pinang",Western ,018-460 0829,"{'Friday': '5:30 to 10 pm', 'Saturday': '5:30 to 10 pm', 'Sunday': '5:30 to 10 pm', 'Monday': 'Closed', 'Tuesday': '5:30 to 10 pm', 'Wednesday': '5:30 to 10 pm', 'Thursday': '5:30 to 10 pm'}",2,No
4.2,What The Duck Restaurant Spice Canopy Bayan Lepas,"Setia SPICE Canopy, L01-15&16, 108, Jalan Tun Dr Awang, 11900 Bayan Lepas, Pulau Pinang",Western ,04-638 6084,"{'Friday': '11:30 am to 3 pm, 6 to 9:30 pm', 'Saturday': '11:30 am to 3 pm, 6 to 9:30 pm', 'Sunday': '11:30 am to 3 pm, 6 to 9:30 pm', 'Monday': 'Closed', 'Tuesday': '11:30 am to 3 pm, 6 to 9:30 pm', 'Wednesday': '11:30 am to 3 pm, 6 to 9:30 pm', 'Thursday': '11:30 am to 3 pm, 6 to 9:30 pm'}",2,No
4.3,OLIVIA'S RESTAURANT,"17A, Medan Batu Lanchang, Taman Sri Damai, 11600 Jelutong, Pulau Pinang",Western ,017-665 5166,"{'Friday': '11 am to 3:30 pm, 4:30 to 9 pm', 'Saturday': '11 am to 3:30 pm, 4:30 to 9 pm', 'Sunday': '11 am to 3:30 pm, 4:30 to 9 pm', 'Monday': 'Closed', 'Tuesday': '11 am to 3:30 pm, 4:30 to 9 pm', 'Wednesday': '11 am to 3:30 pm, 4:30 to 9 pm', 'Thursday': '11 am to 3:30 pm, 4:30 to 9 pm'}",2,No
4.1,Green Island Western Food ( Halal ),"2-1-8, Tingkat Mahsuri 4, Bayan Baru, 11950 Bayan Lepas, Penang",Western ,018-622 6863,"{'Friday': '11:30 am to 3 pm, 5:30 to 10:30 pm', 'Saturday': '11:30 am to 10:30 pm', 'Sunday': '11:30 am to 10:30 pm', 'Monday': '11:30 am to 3 pm, 5:30 to 10:30 pm', 'Tuesday': '11:30 am to 3 pm, 5:30 to 10:30 pm', 'Wednesday': '11:30 am to 3 pm, 5:30 to 10:30 pm', 'Thursday': '11:30 am to 3 pm, 5:30 to 10:30 pm'}",2,Yes
4.5,Let's Meat | American Restaurant | American Food | American Breakfast,"18, Lebuh Lembah Permai 4, Tanjung Tokong, 11200 Tanjung Bungah, Pulau Pinang",Western ,016-215 4234,"{'Friday': '8 am to 9 pm', 'Saturday': '8 am to 9 pm', 'Sunday': 'Closed', 'Monday': '8 am to 9 pm', 'Tuesday': '8 am to 9 pm', 'Wednesday': '8 am to 9 pm', 'Thursday': '8 am to 9 pm'}",2,No
4.2,Healy Mac's Irish Bar & Restaurant - Penang,"3A-G9 & 10, Straits Quay, Lorong Seri Tanjung Pinang, Seri Tanjung Pinang, 10470 Tanjung Tokong, Pulau Pinang",Irish ,04-890 3477,"{'Friday': '11 am to 1 am', 'Saturday': '11 am to 1 am', 'Sunday': '10 am to 12 am', 'Monday': '11 am to 12:30 am', 'Tuesday': '11 am to 12:30 am', 'Wednesday': '11 am to 12:30 am', 'Thursday': '11 am to 12:30 am'}",3,No
4,Berlin Bier Houz,"G-1-1, Lorong Bayan Indah 1, Bay Avenue, 11900 Bayan Lepas, Pulau Pinang",German ,011-7019 1438,"{'Friday': '3 pm to 12 am', 'Saturday': '3 pm to 12 am', 'Sunday': 'Closed', 'Monday': '3 to 11:30 pm', 'Tuesday': '3 to 11:30 pm', 'Wednesday': '3 to 11:30 pm', 'Thursday': '3 to 11:30 pm'}",3,No
4.2,Ingolf's Kneipe German Restaurant And Bar,"1, Jalan Sungai Kelian, Tanjung Tokong, 11200 Tanjung Bungah, Pulau Pinang",German ,04-899 5796,"{'Friday': '12 to 2 pm, 6 to 10 pm', 'Saturday': '12 to 2 pm, 6 to 10 pm', 'Sunday': 'Closed', 'Monday': '6 to 10 pm', 'Tuesday': '12 to 2 pm, 6 to 10 pm', 'Wednesday': '12 to 2 pm, 6 to 10 pm', 'Thursday': '12 to 2 pm, 6 to 10 pm'}",2,No
4.7,Gravybaby (Chulia),"391, Chulia St, Georgetown, 10200 George Town, Penang",Western ,017-506 3860,"{'Friday': '8 am to 2 am', 'Saturday': '8 am to 2 am', 'Sunday': '8 am to 2 am', 'Monday': '8 am to 2 am', 'Tuesday': '8 am to 2 am', 'Wednesday': '8 am to 2 am', 'Thursday': '8 am to 2 am'}",2,No
4.5,Woodfire Penang,"20C, Jalan Bagan Jermal, 10250 George Town, Pulau Pinang",Western ,017-408 8084,"{'Friday': '3:30 to 10 pm', 'Saturday': '12 to 10 pm', 'Sunday': '12 to 10 pm', 'Monday': '12 to 10 pm', 'Tuesday': '12 to 10 pm', 'Wednesday': '12 to 10 pm', 'Thursday': '12 to 10 pm'}",2,Yes
4.4,Mr Fatty Burger,"Block 5, 1, Jalan Van Praagh, Taman Koperasi Jelutong, 11600 Jelutong, Penang",Western ,011-1303 9288,"{'Friday': '10:30 am to 10:30 pm', 'Saturday': '10:30 am to 10:30 pm', 'Sunday': '10:30 am to 10:30 pm', 'Monday': '10:30 am to 10:30 pm', 'Tuesday': 'Closed', 'Wednesday': '10:30 am to 10:30 pm', 'Thursday': '10:30 am to 10:30 pm'}",1,No
4.3,Harvest In Café,"10, Jalan Irrawaddi, George Town, 10050 George Town, Pulau Pinang",Western ,04-226 1718,"{'Friday': '11 am to 2:30 pm, 5:30 to 10 pm', 'Saturday': '11 am to 3 pm, 5:30 to 10 pm', 'Sunday': 'Closed', 'Monday': '11 am to 2:30 pm, 5:30 to 10 pm', 'Tuesday': '11 am to 2:30 pm', 'Wednesday': '11 am to 2:30 pm, 5:30 to 10 pm', 'Thursday': '11 am to 2:30 pm, 5:30 to 10 pm'}",2,No
4,Classics by Rain Garden,"41, Jalan Burma, George Town, 10350 George Town, Pulau Pinang",Western ,012-215 1725,"{'Friday': '9 am to 11 pm', 'Saturday': '9 am to 11 pm', 'Sunday': '9 am to 11 pm', 'Monday': '9 am to 11 pm', 'Tuesday': '9 am to 11 pm', 'Wednesday': '9 am to 11 pm', 'Thursday': '9 am to 11 pm'}",2,No
4.7,Me'nate Penang,"20, Jln Sultan Ahmad Shah, George Town, 10050 George Town, Pulau Pinang",Western ,04-227 7201,"{'Friday': '11 am to 12:30 pm, 2:30 pm to 12 am', 'Saturday': '11 am to 12 am', 'Sunday': '11 am to 12 am', 'Monday': '11 am to 11 pm', 'Tuesday': '11 am to 11 pm', 'Wednesday': '11 am to 11 pm', 'Thursday': '11 am to 11 pm'}",2,Yes
4.4,Bottega Penang,"76, Muntri St, Georgetown, 10200 George Town, Penang",Italian ,017-747 7902,"{'Friday': '11 am to 11 pm', 'Saturday': '11 am to 11 pm', 'Sunday': '11 am to 11 pm', 'Monday': '11 am to 11 pm', 'Tuesday': '11 am to 11 pm', 'Wednesday': '11 am to 11 pm', 'Thursday': '11 am to 11 pm'}",2,No
4.6,OTTO PIZZA PENANG,"199, Victoria St, Georgetown, 10300 George Town, Penang",Italian ,013-429 5391,"{'Friday': '11:30 am to 11 pm', 'Saturday': '11:30 am to 11 pm', 'Sunday': '11:30 am to 11 pm', 'Monday': '11:30 am to 10:30 pm', 'Tuesday': '11:30 am to 10:30 pm', 'Wednesday': '11:30 am to 10:30 pm', 'Thursday': '11:30 am to 10:30 pm'}",2,No
4.4,Il Bacaro,"Campbell House, 106, Lebuh Campbell, Georgetown, 10200 George Town, Penang",Italian ,04-261 8290,"{'Friday': '12 to 10:30 pm', 'Saturday': '12 to 10:30 pm', 'Sunday': '12 to 10:30 pm', 'Monday': '12 to 10:30 pm', 'Tuesday': '12 to 10:30 pm', 'Wednesday': '12 to 10:30 pm', 'Thursday': '12 to 10:30 pm'}",2,No
4.5,Nero Nero - Penang,"4, King Street, George Town, 10200 George Town, Pulau Pinang",Italian ,012-207 0794,"{'Friday': '12 to 3 pm, 6 to 10 pm', 'Saturday': '12 to 3 pm, 6 to 10 pm', 'Sunday': '12 to 3 pm, 6 to 10 pm', 'Monday': '12 to 3 pm, 6 to 10 pm', 'Tuesday': '12 to 3 pm, 6 to 10 pm', 'Wednesday': '12 to 3 pm, 6 to 10 pm', 'Thursday': '12 to 3 pm, 6 to 10 pm'}",2,No
4.4,The Loft - Love Lane,"57, Love Ln, Georgetown, 10200 George Town, Penang",Italian ,017-586 5755,"{'Friday': '11:30 am to 11:30 pm', 'Saturday': '11:30 am to 11:30 pm', 'Sunday': '11:30 am to 11:30 pm', 'Monday': '11:30 am to 11:30 pm', 'Tuesday': '11:30 am to 11:30 pm', 'Wednesday': '11:30 am to 11:30 pm', 'Thursday': '11:30 am to 11:30 pm'}",2,Yes
4.5,Lunarich Malaysia Pizza & Pasta,"Festive Square, Gurney Paragon Lot 2.33, level 2, 10250 George Town, Penang",Italian ,016-953 6055,"{'Friday': '11 am to 10 pm', 'Saturday': '11 am to 10 pm', 'Sunday': '11 am to 10 pm', 'Monday': '11 am to 9 pm', 'Tuesday': '11 am to 9 pm', 'Wednesday': '11 am to 9 pm', 'Thursday': '11 am to 9 pm'}",2,No
4.2,Elmondo Italian & Western Restaurant Penang,"1-1-38, Elit Avenue, Lintang Mayang Pasir 3, Bayan Baru, 11950 Bayan Lepas, Pulau Pinang",Italian ,010-282 4657,"{'Friday': '11 am to 10 pm', 'Saturday': '11 am to 10 pm', 'Sunday': '11 am to 10 pm', 'Monday': '11 am to 10 pm', 'Tuesday': '11 am to 10 pm', 'Wednesday': '11 am to 10 pm', 'Thursday': '11 am to 10 pm'}",2,Yes
4.4,Acupaday,"ISantorini 8-G-11, Jalan, 1, Jln Tanjong Tokong, Seri Tanjung Pinang, 10470 George Town, Pulau Pinang",Italian ,017-945 9004,"{'Friday': '8 am to 9 pm', 'Saturday': '8 am to 9 pm', 'Sunday': '8 am to 9 pm', 'Monday': '8 am to 9 pm', 'Tuesday': '8 am to 9 pm', 'Wednesday': '8 am to 9 pm', 'Thursday': '8 am to 9 pm'}",2,No
4.3,Pizza Station,"Lot G-2, Sunshine Farlim, 294, Jln Thean Tek, Bandar Baru Air Itam, 11500 Ayer Itam, Pulau Pinang",Italian ,016-486 6168,"{'Friday': '10:45 am to 9:30 pm', 'Saturday': '10:45 am to 9:30 pm', 'Sunday': '10:45 am to 9:30 pm', 'Monday': '10:45 am to 9:30 pm', 'Tuesday': '10:45 am to 9:30 pm', 'Wednesday': '10:45 am to 9:30 pm', 'Thursday': '10:45 am to 9:30 pm'}",2,No
4.7,Rossi Italian,"Hotel Penaga 38 Lebuh, Lebuh Clarke, 10050 George Town, Pulau Pinang",Italian ,010-284 6995,"{'Friday': '11 am to 10 pm', 'Saturday': '11 am to 10 pm', 'Sunday': '11 am to 10 pm', 'Monday': '11 am to 10 pm', 'Tuesday': '11 am to 10 pm', 'Wednesday': '11 am to 10 pm', 'Thursday': '11 am to 10 pm'}",2,No
4,Pizzaiola,"33-SB-03, Jalan Dr Lim Chwee Leong, 10100 George Town, Pulau Pinang",Italian ,04-250 5501,"{'Friday': '11 am to 10 pm', 'Saturday': '11 am to 10 pm', 'Sunday': '11 am to 10 pm', 'Monday': '11 am to 10 pm', 'Tuesday': '11 am to 10 pm', 'Wednesday': '11 am to 10 pm', 'Thursday': '11 am to 10 pm'}",2,No
4.5,La Vista Kitchen & Bar,"70-1-74 & 70-1-75 D'Piazza Mall, Bayan Baru, 11950 Bayan Lepas, Pulau Pinang",Italian ,011-3601 5929,"{'Friday': '7:30 am to 2 am', 'Saturday': '7:30 am to 2 am', 'Sunday': '7:30 am to 2 am', 'Monday': '7:30 am to 2 am', 'Tuesday': '7:30 am to 2 am', 'Wednesday': '7:30 am to 2 am', 'Thursday': '7:30 am to 2 am'}",1,No
4.3,CUEVA,"G7, Gurney Walk, 18, Persiaran Gurney, 10250 George Town, Pulau Pinang",Italian ,011-8888 0079,"{'Friday': '12 to 4 pm, 6 to 11 pm', 'Saturday': '12 to 4 pm, 6 to 11 pm', 'Sunday': '12 to 4 pm, 6 to 11 pm', 'Monday': '12 to 4 pm, 6 to 11 pm', 'Tuesday': '12 to 4 pm, 6 to 11 pm', 'Wednesday': '12 to 4 pm, 6 to 11 pm', 'Thursday': '12 to 4 pm, 6 to 11 pm'}",2,No
4.5,Via Pre Penang Italian Restaurants,"20e, Lebuh Penang, George Town, 10300 George Town, Pulau Pinang",Italian ,04-261 9800,"{'Friday': '11:30 am to 10:45 pm', 'Saturday': '11:30 am to 10:45 pm', 'Sunday': '12 to 10 pm', 'Monday': '11:30 am to 10:30 pm', 'Tuesday': 'Closed', 'Wednesday': '11:30 am to 10:30 pm', 'Thursday': '11:30 am to 10:30 pm'}",3,No
4.4,Soul Restaurant & Bar,"10 & 12, Jalan Kek Chuan, 10400 George Town, Pulau Pinang",Western ,04-226 8200,"{'Friday': '12 to 11 pm', 'Saturday': '12 to 11 pm', 'Sunday': '12 to 11 pm', 'Monday': '6 to 11 pm', 'Tuesday': '6 to 11 pm', 'Wednesday': 'Closed', 'Thursday': '6 to 11 pm'}",2,No
4.8,Beach St Bistrot by David & Brian Chin,"240, Lebuh Pantai, George Town, 10300 George Town, Pulau Pinang",French ,018-208 8171,"{'Friday': '12 to 4 pm, 6 to 11 pm', 'Saturday': '12 to 4 pm, 6 to 11 pm', 'Sunday': '12 to 4 pm, 6 to 11 pm', 'Monday': '12 to 4 pm, 6 to 11 pm', 'Tuesday': 'Closed', 'Wednesday': '12 to 4 pm, 6 to 11 pm', 'Thursday': '12 to 4 pm, 6 to 11 pm'}",2,No
4.5,Park's Recipe Korean Restaurant,"381a, Jln Perak, Jelutong, 11600 George Town, Pulau Pinang",Korean ,011-1683 3301,"{'Friday': '11 am to 3 pm, 5 to 9:15 pm', 'Saturday': '11 am to 3 pm, 5 to 9:15 pm', 'Sunday': '11 am to 3 pm, 5 to 9:15 pm', 'Monday': '11 am to 3 pm, 5 to 9:15 pm', 'Tuesday': '11 am to 3 pm, 5 to 9:15 pm', 'Wednesday': '11 am to 3 pm, 5 to 9:15 pm', 'Thursday': '11 am to 3 pm, 5 to 9:15 pm'}",2,No
4.1,Cho Dong Jib,"163D-1-05,Gurney Paragon Mall, Gurney Dr, 10250 George Town, Penang",Korean ,04-371 3017,"{'Friday': '11:30 am to 9:30 pm', 'Saturday': '11:30 am to 9:30 pm', 'Sunday': '11:30 am to 9:30 pm', 'Monday': '11:30 am to 9:30 pm', 'Tuesday': '11:30 am to 9:30 pm', 'Wednesday': '11:30 am to 9:30 pm', 'Thursday': '11:30 am to 9:30 pm'}",2,No
4.6,nice two Meat u Korean BBQ,"NO. 10-C-23 & 10-C, 24, Precinct 10, Seri Tanjung Pinang, 10470 Tanjung Tokong, Penang",Korean ,011-1996 2222,"{'Friday': '11:30 am to 10:30 pm', 'Saturday': '11:30 am to 10:30 pm', 'Sunday': '11:30 am to 10:30 pm', 'Monday': '11:30 am to 10:30 pm', 'Tuesday': '11:30 am to 10:30 pm', 'Wednesday': '11:30 am to 10:30 pm', 'Thursday': '11:30 am to 10:30 pm'}",2,No
4.2,Bibimbowl Korean Restaurant,"Summerton, 110-1-15, Persiaran Bayan Indah, 11900 Bayan Lepas, Pulau Pinang",Korean ,04-688 4991,"{'Friday': '11 am to 9 pm', 'Saturday': '11 am to 9 pm', 'Sunday': '11 am to 9 pm', 'Monday': '11 am to 9 pm', 'Tuesday': '11 am to 9 pm', 'Wednesday': '11 am to 9 pm', 'Thursday': '11 am to 9 pm'}",2,No
4.4,Mr. Dakgalbi Penang Queensbay Mall,"Queensbay Mall, 100, Persiaran Bayan Indah, 11900 Bayan Lepas, Pulau Pinang",Korean ,017-588 1658,"{'Friday': '11 am to 9 pm', 'Saturday': '11 am to 9 pm', 'Sunday': '11 am to 9 pm', 'Monday': '11 am to 9 pm', 'Tuesday': '11 am to 9 pm', 'Wednesday': '11 am to 9 pm', 'Thursday': '11 am to 9 pm'}",2,Yes
3.6,Jisoo Korean Fried Chicken GT2,"2, 35-1, GOLDEN TRIANGLE, 28, Jalan Dato Ismail Hashim, Sungai Ara, 11900 Bayan Lepas, Pulau Pinang",Korean ,010-308 9904,"{'Friday': '11 am to 10 pm', 'Saturday': '11 am to 10 pm', 'Sunday': '11 am to 10 pm', 'Monday': '11 am to 10 pm', 'Tuesday': '11 am to 10 pm', 'Wednesday': '11 am to 10 pm', 'Thursday': '11 am to 10 pm'}",2,No
4.2,Kim's Korean Restaurant Georgetown,"2, Jalan Tavoy, George Town, 10050 George Town, Pulau Pinang",Korean ,016-708 6682,"{'Friday': '11:30 am to 3 pm, 5:30 to 10 pm', 'Saturday': '11:30 am to 3 pm, 5:30 to 10 pm', 'Sunday': '11:30 am to 3 pm, 5:30 to 10 pm', 'Monday': '11:30 am to 3 pm, 5:30 to 10 pm', 'Tuesday': '11:30 am to 3 pm, 5:30 to 10 pm', 'Wednesday': '11:30 am to 3 pm, 5:30 to 10 pm', 'Thursday': '11:30 am to 3 pm, 5:30 to 10 pm'}",2,No
4.4,Dotori Restaurant,"72-1-08, ARENA CURVE, Jalan Mahsuri, Bandar Sunway Tunas, 11950 Bayan Lepas, Pulau Pinang",Korean ,019-349 2133,"{'Friday': '11:30 am to 3 pm, 5:30 to 10 pm', 'Saturday': '11:30 am to 10 pm', 'Sunday': '11:30 am to 10 pm', 'Monday': '11:30 am to 3 pm, 5:30 to 10 pm', 'Tuesday': '11:30 am to 3 pm, 5:30 to 10 pm', 'Wednesday': '11:30 am to 3 pm, 5:30 to 10 pm', 'Thursday': '11:30 am to 3 pm, 5:30 to 10 pm'}",2,No
4,Sam Gye Bab,"29-01-06, Golden Triangle, Jln Paya Terubung, Relau, 11900 Bayan Lepas, Pulau Pinang",Korean ,016-508 5030,"{'Friday': '11:30 am to 3 pm, 5:30 to 10 pm', 'Saturday': '11:30 am to 3 pm, 5:30 to 10 pm', 'Sunday': '11:30 am to 3 pm, 5:30 to 10 pm', 'Monday': '11:30 am to 3 pm, 5:30 to 10 pm', 'Tuesday': '11:30 am to 3 pm, 5:30 to 10 pm', 'Wednesday': '11:30 am to 3 pm, 5:30 to 10 pm', 'Thursday': '11:30 am to 3 pm, 5:30 to 10 pm'}",2,Yes
4.5,Kogi Korean BBQ,"1-01-14, E-gate, Lebuh Tunku Kudin 2, 11700 Gelugor, Pulau Pinang",Korean ,04-286 9677,"{'Friday': '11:30 am to 3 pm, 5:30 to 10 pm', 'Saturday': '11:30 am to 10 pm', 'Sunday': '11:30 am to 10 pm', 'Monday': '11:30 am to 3 pm, 5:30 to 10 pm', 'Tuesday': '11:30 am to 3 pm, 5:30 to 10 pm', 'Wednesday': '11:30 am to 3 pm, 5:30 to 10 pm', 'Thursday': '11:30 am to 3 pm, 5:30 to 10 pm'}",2,No
4.7,Haru Korean restaurant,"124e, Jalan Burma, George Town, 10050 George Town, Pulau Pinang",Korean ,016-614 1882,"{'Friday': '11 am to 11 pm', 'Saturday': '11 am to 11 pm', 'Sunday': '11 am to 11 pm', 'Monday': '11 am to 11 pm', 'Tuesday': '11 am to 11 pm', 'Wednesday': '11 am to 11 pm', 'Thursday': '11 am to 11 pm'}",2,No
4.1,OPPA Korean BBQ Penang,"139, Lebuh Carnarvon, George Town, 10100 George Town, Pulau Pinang",Korean ,012-429 0747,"{'Friday': '11:30 am to 10 pm', 'Saturday': '11:30 am to 10 pm', 'Sunday': '11:30 am to 10 pm', 'Monday': '11:30 am to 10 pm', 'Tuesday': 'Closed', 'Wednesday': '11:30 am to 10 pm', 'Thursday': '11:30 am to 10 pm'}",2,No
4.3,Sae Ma Eul BBQ Penang,"No 29D-3-8 & 29D-3-9, Maritime Suite, Karpal Singh Dr, 11600 George Town, Pulau Pinang",Korean ,011-5689 2648,"{'Friday': '4 pm to 12 am', 'Saturday': '12 pm to 12 am', 'Sunday': '12 pm to 12 am', 'Monday': '4 pm to 12 am', 'Tuesday': '4 pm to 12 am', 'Wednesday': '4 pm to 12 am', 'Thursday': '4 pm to 12 am'}",2,No
4.3,HANMALU,"C-1-9 Vantage, Jalan Seri Tanjung Pinang 1, 10470 Tanjung Tokong, Penang",Korean ,014-741 2671,"{'Friday': '11:30 am to 10 pm', 'Saturday': '11:30 am to 10 pm', 'Sunday': '11:30 am to 10 pm', 'Monday': 'Closed', 'Tuesday': '11:30 am to 10 pm', 'Wednesday': '11:30 am to 10 pm', 'Thursday': '11:30 am to 10 pm'}",2,No
4.1,Miga Korean BBQ,"8H-G, Persiaran Bayan Indah, Kampung Sungai Nibong, 11900 Bayan Lepas, Pulau Pinang",Korean ,017-431 2217,"{'Friday': '11:30 am to 3 pm, 5:30 to 10:30 pm', 'Saturday': '11:30 am to 10:30 pm', 'Sunday': '11:30 am to 10:30 pm', 'Monday': '11:30 am to 3 pm, 5:30 to 10:30 pm', 'Tuesday': '11:30 am to 3 pm, 5:30 to 10:30 pm', 'Wednesday': '11:30 am to 3 pm, 5:30 to 10:30 pm', 'Thursday': '11:30 am to 3 pm, 5:30 to 10:30 pm'}",2,No
4.1,Bellygood Korean BBQ,"Vantage, B-G-1, 10470 Tanjung Tokong, Penang",Korean ,018-462 3719,"{'Friday': '11:30 am to 3 pm, 5:30 to 11 pm', 'Saturday': '11:30 am to 3 pm, 5:30 to 11 pm', 'Sunday': '11:30 am to 3 pm, 5:30 to 11 pm', 'Monday': '11:30 am to 11 pm', 'Tuesday': '11:30 am to 3 pm, 5:30 to 11 pm', 'Wednesday': '11:30 am to 3 pm, 5:30 to 11 pm', 'Thursday': '11:30 am to 3 pm, 5:30 to 11 pm'}",2,No
4.7,ISKENDER Turkish & Arabic Kitchen,"370, Lebuhraya Maktab, Pulau Tikus, 10250 George Town, Pulau Pinang",Middle Eastern ,011-6064 2429,"{'Friday': '11:30 am to 1 am', 'Saturday': '11:30 am to 1 am', 'Sunday': '11:30 am to 1 am', 'Monday': '11:30 am to 1 am', 'Tuesday': '11:30 am to 1 am', 'Wednesday': '11:30 am to 1 am', 'Thursday': '11:30 am to 1 am'}",2,Yes
4.4,Halab Penang,"381, Chulia St, Georgetown, 10200 George Town, Penang",Middle Eastern ,04-251 9550,"{'Friday': '10 am to 3 am', 'Saturday': '10 am to 3 am', 'Sunday': '10 am to 3 am', 'Monday': '10 am to 3 am', 'Tuesday': '10 am to 3 am', 'Wednesday': '10 am to 3 am', 'Thursday': '10 am to 3 am'}",2,Yes
4.6,Zalqa Penang-Arabic Restaurant,"Lot 77-G-20 & 77-G-22, Penang Times Square, Jalan Dato Keramat, 10150 George Town, Penang",Middle Eastern ,04-270 3750,"{'Friday': '10 am to 3 am', 'Saturday': '10 am to 3 am', 'Sunday': '10 am to 3 am', 'Monday': '10 am to 3 am', 'Tuesday': '10 am to 3 am', 'Wednesday': '10 am to 3 am', 'Thursday': '10 am to 3 am'}",2,Yes
4.3,"Grand Lebanon Restaurant, Batu Ferringhi","110-1A & 1B, Jalan Batu Ferringhi, Kampung Batu Feringgi, 11100 Batu Ferringhi, Pulau Pinang",Middle Eastern ,04-881 3228,"{'Friday': '12 to 11 pm', 'Saturday': '12 to 11 pm', 'Sunday': '12 to 11 pm', 'Monday': '12 to 11 pm', 'Tuesday': '12 to 11 pm', 'Wednesday': '12 to 11 pm', 'Thursday': '12 to 11 pm'}",3,Yes
4.3,Hassan Briyani House,"196, Jalan Transfer, George Town, 10050 George Town, Pulau Pinang",Middle Eastern ,016-448 9060,"{'Friday': '10 am to 11 pm', 'Saturday': '10 am to 11 pm', 'Sunday': '10 am to 11 pm', 'Monday': '10 am to 11 pm', 'Tuesday': '10 am to 11 pm', 'Wednesday': '10 am to 11 pm', 'Thursday': '10 am to 11 pm'}",1,Yes
4.8,Al Rawsha Restaurant Penang,"4d, Jalan Pantai Molek, Kampung Raya Baharu, 10250 George Town, Pulau Pinang",Middle Eastern ,04-893 5566,"{'Friday': '12 pm to 12 am', 'Saturday': '12 pm to 12 am', 'Sunday': '12 pm to 12 am', 'Monday': '12 pm to 12 am', 'Tuesday': '12 pm to 12 am', 'Wednesday': '12 pm to 12 am', 'Thursday': '12 pm to 12 am'}",2,Yes
4.5,nasi arab - Syawins Jiddan,"97-1-7, The Palazzia, Persiaran Bukit Gambir, 11700 Gelugor, Pulau Pinang",Middle Eastern ,012-672 5251,"{'Friday': '12 to 10 pm', 'Saturday': '12 to 10 pm', 'Sunday': '12 to 10 pm', 'Monday': 'Closed', 'Tuesday': '12 to 10 pm', 'Wednesday': '12 to 10 pm', 'Thursday': '12 to 10 pm'}",2,Yes
4.3,Istanbul Cuisine Penang,"20-G, Jalan Tengah, Bandar Bayan Baru, 11900 Bayan Lepas, Pulau Pinang",Middle Eastern ,018-249 8464,"{'Friday': '10 am to 11 pm', 'Saturday': '10 am to 11 pm', 'Sunday': '10 am to 11 pm', 'Monday': '10 am to 11 pm', 'Tuesday': '10 am to 11 pm', 'Wednesday': '10 am to 11 pm', 'Thursday': '10 am to 11 pm'}",2,Yes
4.7,Vegan Falafel penang,"363, Chulia St, Georgetown, 10200 George Town, Penang",Middle Eastern ,011-1281 6757,"{'Friday': '12 pm to 2 am', 'Saturday': '12 pm to 2 am', 'Sunday': '12 pm to 2 am', 'Monday': '12 pm to 2 am', 'Tuesday': '12 pm to 2 am', 'Wednesday': '12 pm to 2 am', 'Thursday': '12 pm to 2 am'}",1,No
4.2,Auntie Gaik Lean's Old School Eatery,"1, Bishop St, Georgetown, 10200 George Town, Penang",Nyonya ,017-434 4398,"{'Friday': '12 to 2:30 pm, 6 to 9:30 pm', 'Saturday': '12 to 2:30 pm, 6 to 9:30 pm', 'Sunday': '12 to 2:30 pm, 6 to 9:30 pm', 'Monday': 'Closed', 'Tuesday': 'Closed', 'Wednesday': '12 to 2:30 pm, 6 to 9:30 pm', 'Thursday': '12 to 2:30 pm, 6 to 9:30 pm'}",2,Yes
4.2,Nyonya Breeze Desire,"3A-1-7, Straits Quay, Jalan Seri Tg Pinang, 10470 Tanjung Tokong, Pulau Pinang",Nyonya ,04-899 9058,"{'Friday': '11:30 am to 2:30 pm, 5:30 to 9 pm', 'Saturday': '11:30 am to 2:30 pm, 5:30 to 9 pm', 'Sunday': '11:30 am to 2:30 pm, 5:30 to 9 pm', 'Monday': '11:30 am to 2:30 pm, 5:30 to 9 pm', 'Tuesday': '11:30 am to 3 pm, 5:30 to 9 pm', 'Wednesday': '11:30 am to 2:30 pm, 5:30 to 9 pm', 'Thursday': '11:30 am to 2:30 pm, 5:30 to 8:30 pm'}",2,No
4.1,Flower Mulan Nyonya Cafe,"266 & 268, Jalan Burma, Pulau Tikus, 10350 George Town, Pulau Pinang",Nyonya ,012-472 3671,"{'Friday': '11:30 am to 10:30 pm', 'Saturday': '11:30 am to 10:30 pm', 'Sunday': '11:30 am to 10:30 pm', 'Monday': '11:30 am to 10:30 pm', 'Tuesday': '11:30 am to 10:30 pm', 'Wednesday': 'Closed', 'Thursday': '11:30 am to 10:30 pm'}",2,No
4.3,Bibik's Kitchen Nyonya Cuisine,"73, Jalan Sri Bahari, George Town, 10050 George Town, Pulau Pinang",Nyonya ,012-669 7488,"{'Friday': '11:30 am to 3 pm, 6 to 9 pm', 'Saturday': '11:30 am to 3 pm, 6 to 9 pm', 'Sunday': '11:30 am to 3 pm, 6 to 9 pm', 'Monday': 'Closed', 'Tuesday': '11:30 am to 3 pm, 6 to 9 pm', 'Wednesday': '11:30 am to 3 pm, 6 to 9 pm', 'Thursday': '11:30 am to 3 pm, 6 to 9 pm'}",2,No
4.4,Winn's Cafe,"38, Jalan Cantonment, Pulau Tikus, 10350 George Town, Pulau Pinang",Nyonya ,019-451 1631,"{'Friday': '11 am to 3 pm, 6 to 10 pm', 'Saturday': '11 am to 3 pm, 6 to 10 pm', 'Sunday': 'Closed', 'Monday': '11 am to 3 pm, 6 to 10 pm', 'Tuesday': '11 am to 3 pm, 6 to 10 pm', 'Wednesday': '11 am to 3 pm, 6 to 10 pm', 'Thursday': '11 am to 3 pm, 6 to 10 pm'}",2,No
4.3,Ivys Nyonya Cuisine,"100,102, 104, Jalan Kedah, George Town, 10050 George Town, Pulau Pinang",Nyonya ,013-433 7878,"{'Friday': '11:30 am to 3 pm, 5:30 to 9 pm', 'Saturday': '11:30 am to 3 pm, 5:30 to 9 pm', 'Sunday': '11:30 am to 3 pm, 5:30 to 9 pm', 'Monday': 'Closed', 'Tuesday': '11:30 am to 3 pm, 5:30 to 9 pm', 'Wednesday': '11:30 am to 3 pm, 5:30 to 9 pm', 'Thursday': '11:30 am to 3 pm, 5:30 to 9 pm'}",2,No
4.6,Jason Nyonya House,"27, Lebuh Bishop, George Town, 10200 George Town, Pulau Pinang",Nyonya ,018-356 0515,"{'Friday': '11 am to 2:30 pm, 6 to 9:30 pm', 'Saturday': '11 am to 2:30 pm, 6 to 9:30 pm', 'Sunday': '11 am to 2:30 pm, 6 to 9:30 pm', 'Monday': '11 am to 2:30 pm, 6 to 9:30 pm', 'Tuesday': '11 am to 2:30 pm, 6 to 9:30 pm', 'Wednesday': 'Closed', 'Thursday': '11 am to 2:30 pm, 6 to 9:30 pm'}",2,No
4.1,Nyonya Willow ,"Arena Curve, 72-1-3, Jalan Mahsuri, Bandar Sunway Tunas, 11900 Bayan Lepas, Pulau Pinang",Nyonya ,012-773 7573,"{'Friday': '11:45 am to 2 pm, 6 to 9 pm', 'Saturday': '11:45 am to 2 pm, 6 to 9 pm', 'Sunday': '11:45 am to 2 pm, 6 to 9 pm', 'Monday': 'Closed', 'Tuesday': '11:45 am to 2 pm, 6 to 9 pm', 'Wednesday': '11:45 am to 2 pm, 6 to 9 pm', 'Thursday': '11:45 am to 2 pm, 6 to 9 pm'}",2,No
4.3,LotusS Nyonya Kitchen,"48, Jalan Burma, 10050 George Town, Pulau Pinang",Nyonya ,016-422 7377,"{'Friday': '11:30 am to 10:30 pm', 'Saturday': '11:30 am to 10:30 pm', 'Sunday': '11:30 am to 10:30 pm', 'Monday': 'Closed', 'Tuesday': 'Closed', 'Wednesday': '11:30 am to 10:30 pm', 'Thursday': '11:30 am to 10:30 pm'}",2,No
4,Moh Teng Pheow Nyonya Koay,"Lebuh Chulia, Jalan Masjid, 10200 George Town, Pulau Pinang",Nyonya ,012-415 2677,"{'Friday': '10 am to 5 pm', 'Saturday': '10 am to 5 pm', 'Sunday': '10 am to 5 pm', 'Monday': '10 am to 5 pm', 'Tuesday': '10 am to 5 pm', 'Wednesday': '10 am to 5 pm', 'Thursday': '10 am to 5 pm'}",1,No
4.5,Li Er Cafe Nyonya Kuih,"349, Jalan Burma, George Town, 10350 George Town, Pulau Pinang",Nyonya ,012-951 3757,"{'Friday': '7:30 am to 4 pm', 'Saturday': '7:30 am to 4 pm', 'Sunday': '7:30 am to 4 pm', 'Monday': '7:30 am to 4 pm', 'Tuesday': '7:30 am to 4 pm', 'Wednesday': '7:30 am to 4 pm', 'Thursday': 'Closed'}",1,No
4.4,Auntie May Nyonya Kopitiam,"No.1-1-10, Elit Avenue, Lintang Mayang Pasir 3, Elite Height, 11950 Bayan Lepas, Pulau Pinang",Nyonya ,016-412 7218,"{'Friday': '11 am to 9 pm', 'Saturday': '11 am to 9 pm', 'Sunday': '11 am to 9 pm', 'Monday': '11 am to 9 pm', 'Tuesday': '11 am to 9 pm', 'Wednesday': '11 am to 9 pm', 'Thursday': '11 am to 9 pm'}",2,No
4.5,Anna Kitchen,"56-W, Jalan Jelutong, Jelutong, 11600 George Town, Pulau Pinang",Vietnamese ,012-460 9896,"{'Friday': '10 am to 10 pm', 'Saturday': '10 am to 10 pm', 'Sunday': '10 am to 10 pm', 'Monday': '10 am to 10 pm', 'Tuesday': '10 am to 10 pm', 'Wednesday': '10 am to 10 pm', 'Thursday': '10 am to 10 pm'}",2,No
4.2,Amex casual tex-mex dining,"Elit Avenue, 1-1-21, Jalan Mayang Pasir 3 Bayan Lepas, 11950 Penang, Pulau Pinang",Mexican ,016-480 3778,"{'Friday': '11 am to 2:30 pm, 5:30 to 9:30 pm', 'Saturday': '11 am to 2:30 pm, 5:30 to 9:30 pm', 'Sunday': '11 am to 2:30 pm, 5:30 to 9:30 pm', 'Monday': '11 am to 2:30 pm, 5:30 to 9:30 pm', 'Tuesday': '11 am to 2:30 pm, 5:30 to 9:30 pm', 'Wednesday': '11 am to 2:30 pm, 5:30 to 9:30 pm', 'Thursday': '11 am to 2:30 pm, 5:30 to 9:30 pm'}",2,No
3.7,Hai Jia Seafood Restaurant,"7135, Lintang Permatang Damar Laut, Rumah Murah Fasa 2, 11960 Batu Maung, Pulau Pinang",Chinese ,016-481 4848,"{'Friday': '11 am to 3 pm, 5:30 to 10 pm', 'Saturday': '11 am to 4 pm, 5:30 to 10 pm', 'Sunday': '11 am to 4 pm, 5:30 to 10 pm', 'Monday': '11 am to 3 pm, 5:30 to 10 pm', 'Tuesday': '11 am to 3 pm, 5:30 to 10 pm', 'Wednesday': '11 am to 3 pm, 5:30 to 10 pm', 'Thursday': '11 am to 3 pm, 5:30 to 10 pm'}",2,No
4.1,Double Good Restaurant,"1-2-17, Summerskye Square, Jalan Sungai Tiram 8, 11900 Bayan Lepas, Penang",Chinese ,04-609 4188,"{'Friday': '11 am to 2:30 pm, 5:30 to 10 pm', 'Saturday': '11 am to 2:30 pm, 5:30 to 10 pm', 'Sunday': '11 am to 2:30 pm, 5:30 to 10 pm', 'Monday': '11 am to 2:30 pm, 5:30 to 10 pm', 'Tuesday': '11 am to 2:30 pm, 5:30 to 10 pm', 'Wednesday': '11 am to 2:30 pm, 5:30 to 10 pm', 'Thursday': '11 am to 2:30 pm, 5:30 to 10 pm'}",2,No
4.3,Dragon Noodle All Season Place,"6G-1-9 All Season Place, Thean Tek Hwy, Farlim, 11500 Air Itam, Penang",Chinese ,04-297 0017,"{'Friday': '11 am to 10 pm', 'Saturday': '11 am to 10 pm', 'Sunday': '11 am to 10 pm', 'Monday': '11 am to 10 pm', 'Tuesday': '11 am to 10 pm', 'Wednesday': '11 am to 10 pm', 'Thursday': '11 am to 10 pm'}",2,No
4.1,Gia Xiang Steamboat Restaurant- Falim,"6G-1-3A & 6G-2-3A, LEVEL 1&2, ALL SEASON PLACE, Thean Tek Hwy, Farlim, 11500, Penang",Chinese ,04-299 4988,"{'Friday': '11 am to 3 pm, 5 to 10:30 pm', 'Saturday': '11 am to 3 pm, 5 to 10:30 pm', 'Sunday': '11 am to 3 pm, 5 to 10:30 pm', 'Monday': '11 am to 3 pm, 5 to 10:30 pm', 'Tuesday': '11 am to 3 pm, 5 to 10:30 pm', 'Wednesday': '11 am to 3 pm, 5 to 10:30 pm', 'Thursday': '11 am to 3 pm, 5 to 10:30 pm'}",2,No
4.1,Shang Ping Restaurant,"4, Taman Hijau 3, Taman Green Lane, 11600 George Town, Pulau Pinang",Chinese ,016-427 9138,"{'Friday': '5 to 10 pm', 'Saturday': '5 to 10 pm', 'Sunday': '5 to 10 pm', 'Monday': '5 to 10 pm', 'Tuesday': 'Closed', 'Wednesday': '5 to 10 pm', 'Thursday': '5 to 10 pm'}",2,No
4.4,Tong Seng Roasted House,"14, Jalan Mas, Taman Guan Joo Seng, 11600 Jelutong, Pulau Pinang",Chinese ,014-666 6313,"{'Friday': '8:30 am to 4 pm', 'Saturday': '8:30 am to 4 pm', 'Sunday': '8:30 am to 4 pm', 'Monday': '8:30 am to 4 pm', 'Tuesday': '8:30 am to 4 pm', 'Wednesday': '8:30 am to 4 pm', 'Thursday': 'Closed'}",1,No
3.5,I Mum Mum Restaurant,"29-1-1, Golden Triangle, Jln Paya Terubung, Sungai Ara, 11900 Bayan Lepas, Penang",Chinese ,018-270 0573,"{'Friday': '10 am to 10 pm', 'Saturday': '10 am to 10 pm', 'Sunday': '10 am to 10 pm', 'Monday': '10 am to 10 pm', 'Tuesday': '10 am to 10 pm', 'Wednesday': '10 am to 10 pm', 'Thursday': '10 am to 10 pm'}",1,No
4.1,Lye Lee Restaurant,"1-1-10, Tingkat Mahsuri, Bayan Baru, 11950 Bayan Lepas, Penang",Chinese ,012-439 7355,"{'Friday': '11 am to 3 pm, 5 to 8:30 pm', 'Saturday': '11 am to 3 pm, 5 to 8:30 pm', 'Sunday': '11 am to 3 pm, 5 to 8:30 pm', 'Monday': '11 am to 3 pm, 5 to 8 pm', 'Tuesday': '11 am to 3 pm, 5 to 8:30 pm', 'Wednesday': '11 am to 3 pm, 5 to 8:30 pm', 'Thursday': '11 am to 3 pm, 5 to 8:30 pm'}",1,No
4.4, Che Kee Restaurant @ Bayan Lepas Branch,"No. 70-1-6, Jalan Mahsuri, 11900 Bayan Baru, Penang Bayan Lepas, 11900 penang, Pulau Pinang",Chinese ,04-611 5032,"{'Friday': '8 am to 10 pm', 'Saturday': '8 am to 10 pm', 'Sunday': '8 am to 10 pm', 'Monday': '8 am to 10 pm', 'Tuesday': '8 am to 10 pm', 'Wednesday': '8 am to 10 pm', 'Thursday': '8 am to 10 pm'}",2,No
4.2,Lam Huat Chicken Rice,"1, Lintang Batu Maung, Taman Seri Indah, 11960 Bayan Lepas, Pulau Pinang",Chinese ,012-425 9815,"{'Friday': '9 am to 3 pm', 'Saturday': '7 am to 3 pm', 'Sunday': '7 am to 3 pm', 'Monday': '9 am to 3 pm', 'Tuesday': '9 am to 3 pm', 'Wednesday': '9 am to 3 pm', 'Thursday': '9 am to 3 pm'}",1,No
4,Cheng Sim Vegetarian Restaurant,"No. 69E, Jln Trengganu, 10460 George Town, Pulau Pinang",Chinese ,04-283 2615,"{'Friday': '7:30 am to 8 pm', 'Saturday': '7:30 am to 8 pm', 'Sunday': '7:30 am to 8 pm', 'Monday': '7:30 am to 8 pm', 'Tuesday': '7:30 am to 3 pm', 'Wednesday': '7:30 am to 8 pm', 'Thursday': '7:30 am to 8 pm'}",1,No
4.4,Zen Xin Vegetarian Restaurant,"42, Jalan Nagor, 10050 George Town, Pulau Pinang",Chinese ,04-228 6828,"{'Friday': '11 am to 2 pm, 5:15 to 9 pm', 'Saturday': '11 am to 2 pm, 5:15 to 9 pm', 'Sunday': '11 am to 2 pm, 5:15 to 9 pm', 'Monday': 'Closed', 'Tuesday': '11 am to 2 pm, 5:15 to 9 pm', 'Wednesday': '11 am to 2 pm, 5:15 to 9 pm', 'Thursday': '11 am to 2 pm, 5:15 to 9 pm'}",2,No
4.2,Bei Tou You Yu @ Karpal Singh Drive,"22, Persiaran Karpal Singh 2, 11600 Jelutong, Pulau Pinang",Chinese ,04-280 5253,"{'Friday': '11:30 am to 4 pm, 5 to 9:15 pm', 'Saturday': '11:30 am to 9:15 pm', 'Sunday': '11:30 am to 9:15 pm', 'Monday': '11:30 am to 4 pm, 5 to 9:15 pm', 'Tuesday': '11:30 am to 4 pm, 5 to 9:15 pm', 'Wednesday': '11:30 am to 4 pm, 5 to 9:15 pm', 'Thursday': '11:30 am to 4 pm, 5 to 9:15 pm'}",2,No
4.4,8 Morality Vegetarian Restaurant,"2, Jalan Krian, George Town, 10400 George Town, Pulau Pinang",Chinese ,010-209 1988,"{'Friday': '8 am to 8 pm', 'Saturday': '8 am to 8 pm', 'Sunday': '8 am to 8 pm', 'Monday': 'Closed', 'Tuesday': '8 am to 8 pm', 'Wednesday': '8 am to 8 pm', 'Thursday': '8 am to 8 pm'}",2,No
4.3,Pinxin Vegan Cuisine,"38, Lebuh Tye Sin, 10300 George Town, Pulau Pinang",Chinese ,04-261 0043,"{'Friday': '11 am to 8:30 pm', 'Saturday': '11 am to 8:30 pm', 'Sunday': '11 am to 8:30 pm', 'Monday': '11 am to 8:30 pm', 'Tuesday': '11 am to 8:30 pm', 'Wednesday': '11 am to 8:30 pm', 'Thursday': '11 am to 8:30 pm'}",2,Yes
4.6,Idealite @ e-Gate,"1-01-05, Ground Floor, E-Gate Lebuh Tunku Kudin 2 Gelugor Pulau Pinang MY 11700, Lebuh Tunku Kudin 2, 11700 Jelutong, Penang",Chinese ,012-406 0355,"{'Friday': '11 am to 9 pm', 'Saturday': '11 am to 9 pm', 'Sunday': '11 am to 9 pm', 'Monday': '11 am to 9 pm', 'Tuesday': '11 am to 9 pm', 'Wednesday': '11 am to 9 pm', 'Thursday': '11 am to 9 pm'}",2,Yes
3.9,Sebai Thai Food Restaurant,"1, Lintang Batu, Taman Gelugur, 11600 Jelutong, Pulau Pinang",Thai ,04-656 8891,"{'Friday': '11 am to 2 pm, 5 to 10:30 pm', 'Saturday': '11 am to 2 pm, 5 to 10:30 pm', 'Sunday': '11 am to 2 pm, 5 to 10:30 pm', 'Monday': '11 am to 2 pm, 5 to 10:30 pm', 'Tuesday': '11 am to 2 pm, 5 to 10:30 pm', 'Wednesday': '11 am to 2 pm, 5 to 10:30 pm', 'Thursday': '11 am to 2 pm, 5 to 10:30 pm'}",2,No
3.8,Thai Canteen,"NO.19, Lebuh Pekaka 1 Gelugor, 11700 Bayan Lepas, Pulau Pinang",Thai ,012-544 0822,"{'Friday': '11:30 am to 9:30 pm', 'Saturday': '11:30 am to 9:30 pm', 'Sunday': '11:30 am to 9:30 pm', 'Monday': '11:30 am to 9:30 pm', 'Tuesday': '11:30 am to 9:30 pm', 'Wednesday': '11:30 am to 9:30 pm', 'Thursday': 'Closed'}",2,No
3.5,Nasi Kandar Nasmir,"Vantage Point, 29 G, Jalan Lenggong, Symphony Park, 11600 Jelutong, Pulau Pinang",Indian Muslim ,04-283 5639,"{'Friday': '7 am to 12 am', 'Saturday': '7 am to 12 am', 'Sunday': '7 am to 12 am', 'Monday': '7 am to 12 am', 'Tuesday': '7 am to 12 am', 'Wednesday': '7 am to 12 am', 'Thursday': '7 am to 12 am'}",1,Yes
4.2,Mr. Wu Taiwan Restaurant - Arena Curve,"72-1-50, Jalan Mahsuri, Bandar Sunway Tunas, 11900 Bayan Lepas, Pulau Pinang",Chinese ,010-888 1831,"{'Friday': '11 am to 3 pm, 5 to 9 pm', 'Saturday': '11 am to 3 pm, 5 to 9 pm', 'Sunday': '11 am to 3 pm, 5 to 9 pm', 'Monday': '11 am to 3 pm, 5 to 9 pm', 'Tuesday': '11 am to 3 pm, 5 to 9 pm', 'Wednesday': '11 am to 3 pm, 5 to 9 pm', 'Thursday': '11 am to 3 pm, 5 to 9 pm'}",2,No
4.3,RUTIN (ALL SEASONS PLACE),"6H-1-2 Ground Floor, All Seasons Place, Lbh Thean Teik, Bandar Baru Air Itam, 11500 Ayer Itam, Pulau Pinang",Chinese ,04-566 6080,"{'Friday': '8:30 am to 10 pm', 'Saturday': '8:30 am to 10 pm', 'Sunday': '8:30 am to 10 pm', 'Monday': '8:30 am to 10 pm', 'Tuesday': '8:30 am to 10 pm', 'Wednesday': '8:30 am to 10 pm', 'Thursday': '8:30 am to 10 pm'}",2,No
3.7,Sri Ananda Bahwan Restaurant,"225, Jln Macalister, 10450 George Town, Pulau Pinang",Indian ,04-210 0840,"{'Friday': '7:30 am to 10:30 pm', 'Saturday': '7:30 am to 10:30 pm', 'Sunday': '7:30 am to 10:30 pm', 'Monday': '7:30 am to 10:30 pm', 'Tuesday': '7:30 am to 10:30 pm', 'Wednesday': '7:30 am to 10:30 pm', 'Thursday': '7:30 am to 10:30 pm'}",2,Yes
3.5,Nasi Kandar Makbul @ Bayan Baru,"66, Jalan Tengah, Bandar Bayan Baru, 11900 Bayan Lepas, Pulau Pinang",Indian Muslim ,012-488 6448,"{'Friday': 'Open 24 hours', 'Saturday': 'Open 24 hours', 'Sunday': 'Open 24 hours', 'Monday': 'Open 24 hours', 'Tuesday': 'Open 24 hours', 'Wednesday': 'Open 24 hours', 'Thursday': 'Open 24 hours'}",1,Yes
4.3,"The Seven Restaurant & Bar, non Halal","Egate, Lebuh Tunku Kudin 2, 11700 Gelugor, Pulau Pinang",Chinese ,04-604 7165,"{'Friday': '11 am to 10:30 pm', 'Saturday': '11 am to 10:30 pm', 'Sunday': '11 am to 9:30 pm', 'Monday': '11 am to 9:30 pm', 'Tuesday': '11 am to 9:30 pm', 'Wednesday': '11 am to 9:30 pm', 'Thursday': '11 am to 9:30 pm'}",2,No
4.5,Mott 9 Restaurant | Bar | Penang,"1-10, E-gate, Lebuh Tunku Kudin 2, 11700 Gelugor, Penang",Chinese ,04-604 4956,"{'Friday': '11 am to 1:30 am', 'Saturday': '11 am to 1:30 am', 'Sunday': '11 am to 1:30 am', 'Monday': '11 am to 1:30 am', 'Tuesday': '11 am to 1:30 am', 'Wednesday': '11 am to 1:30 am', 'Thursday': '11 am to 1:30 am'}",2,No
4.3,Eastern wishes,"1-1-32, ELITE AVENUE, Lintang Mayang Pasir 3, Bayan Baru, 11950 Bayan Lepas, Pulau Pinang",Thai ,04-609 4092,"{'Friday': '11 am to 2 pm, 5:30 to 9 pm', 'Saturday': '11 am to 2 pm, 5:30 to 9 pm', 'Sunday': '11 am to 2 pm, 5:30 to 9 pm', 'Monday': 'Closed', 'Tuesday': '11 am to 2 pm, 5:30 to 9 pm', 'Wednesday': '11 am to 2 pm, 5:30 to 9 pm', 'Thursday': '11 am to 2 pm, 5:30 to 9 pm'}",2,No
4.4,Pok Su Thai Tomyam,"7G Jalan Gottlieb, Jalan Bagan Jermal, 10350 George Town, Pulau Pinang",Thai ,017-497 8499,"{'Friday': '5 pm to 2:30 am', 'Saturday': '5 pm to 2:30 am', 'Sunday': '5 pm to 2:30 am', 'Monday': '5 pm to 2:30 am', 'Tuesday': '5 pm to 2:30 am', 'Wednesday': '5 pm to 2:30 am', 'Thursday': '5 pm to 2:30 am'}",1,Yes
3.3,SUPPER (Georgetown),"123, Hutton Ln, 10050 George Town, Penang",Thai ,017-902 9123,"{'Friday': '6 pm to 2 am', 'Saturday': '6 pm to 2 am', 'Sunday': '6 pm to 2 am', 'Monday': 'Closed', 'Tuesday': '6 pm to 2 am', 'Wednesday': '6 pm to 2 am', 'Thursday': '6 pm to 2 am'}",2,No
4.2,Minah Restaurant,"Jalan Sultan Azlan Shah, Taman Tun Sardon, 11700 Gelugor, Pulau Pinang",Malay ,04-658 1234,"{'Friday': '9 am to 4pm, 4pm to 10pm', 'Saturday': '9 am to 4pm, 4pm to 10pm', 'Sunday': '9 am to 4pm, 4pm to 10pm', 'Monday': 'Closed', 'Tuesday': '9 am to 4pm, 4pm to 10pm', 'Wednesday': '9 am to 4pm, 4pm to 10pm', 'Thursday': '9 am to 4pm, 4pm to 10pm'}",1,Yes
4.1,RESTORAN DEEN Jelutong,"598-D & 598-E, Jalan Jelutong, Taman Jelutong, 11600 Jelutong, Penang",Indian Muslim ,,"{'Friday': '6 am to 4 pm, 4:30 pm to 11:30 pm', 'Saturday': '6 am to 4 pm, 4:30 pm to 11:30 pm', 'Sunday': '6 am to 4 pm, 4:30 pm to 11:30 pm', 'Monday': '6 am to 4 pm, 4:30 pm to 11:30 pm', 'Tuesday': '6 am to 4 pm, 4:30 pm to 11:30 pm', 'Wednesday': '6 am to 4 pm, 4:30 pm to 11:30 pm', 'Thursday': '6 am to 4 pm, 4:30 pm to 11:30 pm'}",1,Yes
4.3,D'Dapor,"147, Jalan Hutton, George Town, 10050 George Town, Pulau Pinang",Malay ,010-286 2477,"{'Friday': '12 pm to 10 pm', 'Saturday': '12 pm to 10 pm', 'Sunday': 'Closed', 'Monday': '12 pm to 10 pm', 'Tuesday': '12 pm to 10 pm', 'Wednesday': '12 pm to 10 pm', 'Thursday': '12 pm to 10 pm'}",2,Yes
4.5,Annalakshmi Penang - Temple of Fine Arts,"1, Lebuhraya Babington, 10450 George Town, Pulau Pinang",Indian ,04-226 1454,"{'Friday': '11:30 am to 2:30 pm' , 'Saturday': '9 am to 11 am, 11:30 am to 2:30 pm', 'Sunday': '9 am to 11 am, 11:30 am to 2:30 pm', 'Monday': 'Closed', 'Tuesday': '11:30 am to 2:30 pm', 'Wednesday': '11:30 am to 2:30 pm', 'Thursday': '11:30 am to 2:30 pm'}",1,No
4.9,"Rempah Ratus - Banana Leaf Cafe with South Indian Cuisine (Indian Restaurant, Banana Leaf Rice, Briyani, Claypot and Curry)","Lot 77, Jalan Nagor, Nagore Square, 10050 George Town, Pulau Pinang",Indian ,017-973 4389,"{'Friday': '11 am to 3 pm, 5 to 10 pm', 'Saturday': '11 am to 3 pm, 5 to 10 pm', 'Sunday': '11 am to 3 pm, 5 to 10 pm', 'Monday': 'Closed', 'Tuesday': '11 am to 3 pm, 5 to 10 pm', 'Wednesday': '11 am to 3 pm, 5 to 10 pm', 'Thursday': '11 am to 3 pm, 5 to 10 pm'}",2,Yes
4.3,Kapitan Tandoori House Sungai Ara,"R-01-05 Setia Triangle, Persiaran Kelicap, Sungai Ara, 11900 Bayan Lepas, Pulau Pinang",Indian ,010-268 7011,"{'Friday': '7 am to 12 am', 'Saturday': '7 am to 12 am', 'Sunday': '7 am to 12:30 am', 'Monday': '7 am to 12 am', 'Tuesday': '7 am to 12 am', 'Wednesday': '7 am to 12 am', 'Thursday': '7 am to 12 am'}",1,Yes
4.2,Passions Of Spices,"12, Jalan Irrawaddi, 10050 George Town, Pulau Pinang",Indian ,012-430 2304,"{'Friday': '7:30 am to 6pm', 'Saturday': '7:30 am to 6pm', 'Sunday': 'Closed', 'Monday': 'Closed', 'Tuesday': '7:30 am to 6pm', 'Wednesday': '7:30 am to 6pm', 'Thursday': '7:30 am to 6pm'}",2,No
4.1,Sushi Mentai ( Farlim ),"43A & 45A, Lintang Angsana, Farlim, 11500 Air Itam, Penang",Japanese ,,"{'Friday': '11:30 am to 9:30 pm', 'Saturday': '11:30 am to 10 pm', 'Sunday': '11:30 am to 10 pm', 'Monday': '11:30 am to 9:30 pm', 'Tuesday': '11:30 am to 9:30 pm', 'Wednesday': '11:30 am to 9:30 pm', 'Thursday': '11:30 am to 9:30 pm'}",2,Yes
4.6,Kakuriyo Ramen,"5, Lengkok Moulmein, Pulau Tikus, 10350 George Town, Pulau Pinang",Japanese ,016-322 6314,"{'Friday': '11:30 am to 2:30 pm, 5:30 pm to 9:30 pm', 'Saturday': '11:30 am to 2:30 pm, 5:30 pm to 9:30 pm', 'Sunday': '11:30 am to 2:30 pm, 5:30 pm to 9:30 pm', 'Monday': '11:30 am to 2:30 pm, 5:30 pm to 9:30 pm', 'Tuesday': 'Closed', 'Wednesday': '11:30 am to 2:30 pm, 5:30 pm to 9:30 pm, 'Thursday': 11:30 am to 2:30 pm, 5:30 pm to 9:30 pm'}",2,No
4.4,Hanzo Japanese restaurant,"phase 2, Penang digital library, 123, Jln Masjid Negeri, 11600 George Town, Pulau Pinang",Japanese ,016-619 6997,"{'Friday': '10:30 am to 9pm', 'Saturday': '10:30 am to 9pm', 'Sunday': '10:30 am to 9pm', 'Monday': '10:30 am to 9pm', 'Tuesday': 'Closed', 'Wednesday': '10:30 am to 9pm', 'Thursday': '10:30 am to 9pm'}",2,No
4.6,Sushi Wafu - Karpal Singh Drive Penang,"29C-1-18, Maritime Suite, Persiaran Karpal Singh 2, 11600 Jelutong, Pulau Pinang",Japanese ,04-818 4408,"{'Friday': '11:30 am to 10 pm', 'Saturday': '11:30 am to 10 pm', 'Sunday': '11:30 am to 10 pm', 'Monday': '11:30 am to 10 pm', 'Tuesday': '11:30 am to 10 pm', 'Wednesday': '11:30 am to 10 pm', 'Thursday': '11:30 am to 10 pm'}",2,No
3.9,Big Ben Breakfast and Western Cafe,"Lot 2652, Jalan Kebun Bunga, 10350 George Town, Pulau Pinang",Western ,017-447 1360,"{'Friday': '8:00 am to 1:00 pm, 5:00 pm to 8:00 pm', 'Saturday': '8:00 am to 1:00 pm, 5:00 pm to 8:00 pm', 'Sunday': '8:00 am to 1:00 pm, 5:00 pm to 8:00 pm', 'Monday': 'Closed', 'Tuesday': '8:00 am to 1:00 pm, 5:00 pm to 8:00 pm', 'Wednesday': '8:00 am to 1:00 pm, 5:00 pm to 8:00 pm', 'Thursday': '8:00 am to 1:00 pm, 5:00 pm to 8:00 pm'}",1,Yes
4.3,Ben's Diner,"43-G, Persiaran Mahsuri 1/1, Bandar Sunway Tunas, 11900 Bayan Lepas, Pulau Pinang",Western ,,"{'Friday': 'Closed', 'Saturday': 'Closed', 'Sunday': '11:45 am to 2 pm, 6 pm to 8:30 pm', 'Monday': '11:45 am to 2 pm, 6 pm to 8:30 pm', 'Tuesday': '11:45 am to 2 pm, 6 pm to 8:30 pm', 'Wednesday': '11:45 am to 2 pm, 6 pm to 8:30 pm', 'Thursday': '11:45 am to 2 pm, 6 pm to 8:30 pm'}",2,No
4.1,"Brussels Beer Cafe, Gurney Paragon","163-D-1, 33, Persiaran Gurney, 10250 George Town, Pulau Pinang",German ,04-226 2052,"{'Friday': '12 pm to 12 am', 'Saturday': '12 pm to 12 am', 'Sunday': '12 pm to 12 am', 'Monday': '12 pm to 12 am', 'Tuesday': '12 pm to 12 am', 'Wednesday': '12 pm to 12 am', 'Thursday': '12 pm to 12 am'}",2,No
4.5,"US Pizza - Greenlane, Penang","3-D, Lorong Delima 1 Jelutong, 11700 George Town, Pulau Pinang",Italian ,04-655 2828,"{'Friday': '10:30 am to 11 pm', 'Saturday': '10:30 am to 11 pm', 'Sunday': '10:30 am to 11 pm', 'Monday': '10:30 am to 10:30 pm' , 'Tuesday': '10:30 am to 10:30 pm', 'Wednesday': '10:30 am to 10:30 pm', 'Thursday': '10:30 am to 10:30 pm'}",2,Yes
4.2,Gathers In,"13-A, Lintang Sungai Tiram 5, Sunway Prima, 11900 Bayan Lepas, Pulau Pinang",Western ,04-643 4668,"{'Friday': '11:30 am to 2:30 pm, 6 pm to 9 pm' , 'Saturday': '6 pm to 9 pm', 'Sunday': '6 pm to 9 pm', 'Monday': '11:30 am to 2:30 pm, 6 pm to 9 pm', 'Tuesday': '11:30 am to 2:30 pm, 6 pm to 9 pm', 'Wednesday': '11:30 am to 2:30 pm, 6 pm to 9 pm', 'Thursday': '11:30 am to 2:30 pm, 6 pm to 9 pm'}",2,No
4.5,Luigi Pizzeria Penang,"99-G-15, Bazaar tanjung Retail Centre, Jalan Fettes, Kampung Belachan, 10470 Tanjung Tokong, Penang",Italian ,013-706 0115,"{'Friday': '12 pm to 3pm, 4 pm to 9 pm' , 'Saturday': '12 pm to 3pm, 4 pm to 9 pm', 'Sunday': '12 pm to 3pm, 4 pm to 9 pm', 'Monday': '4 pm to 9 pm', 'Tuesday': '12 pm to 3pm, 4 pm to 9 pm', 'Wednesday': '12 pm to 3pm, 4 pm to 9 pm', 'Thursday': '12 pm to 3pm, 4 pm to 9 pm'}",2,No
4.9,Park's kitchen Korean restaurant,"170-04-93a, Gurney Plaza, Persiaran Gurney, 10250 George Town, Pulau Pinang",Korean ,014-9701220,"{'Friday': '11 am to 10 pm', 'Saturday': '11 am to 10 pm', 'Sunday': '11 am to 10 pm', 'Monday': '11 am to 10 pm', 'Tuesday': '11 am to 10 pm', 'Wednesday': '11 am to 10 pm', 'Thursday': '11 am to 10 pm'}",2,No
4.1,SSAMBAP Korean Restaurant,"1-1-24, Kristal Point Corporate Park2, Jalan Tun Dr Awang, 11900 Bayan Lepas, Pulau Pinang",Korean ,04-608 8669,"{'Friday': '11 am to 3 pm, 5 pm to 10 pm', 'Saturday': '11 am to 3 pm, 5 pm to 10 pm', 'Sunday': '11 am to 3 pm, 5 pm to 10 pm', 'Monday': '11 am to 3 pm, 5 pm to 10 pm', 'Tuesday': 'Closed', 'Wednesday': '11 am to 3 pm, 5 pm to 10 pm', 'Thursday': '11 am to 3 pm, 5 pm to 10 pm'}",2,No
3.5,KyoChon 1991 @ Arena Curve,"72-1-49, Jalan Mahsuri, Arena Curve, 11900 Bayan Lepas, Pulau Pinang",Korean ,04-638 0119,"{'Friday': 11 am to 11 pm', 'Saturday': '11 am to 11 pm', 'Sunday': '11 am to 11 pm', 'Monday': '11 am to 11 pm', 'Tuesday': '11 am to 11 pm', 'Wednesday': '11 am to 11 pm', 'Thursday': '11 am to 11 pm'}",2,Yes
4.1,Daorae Korean BBQ Restaurant,"15.2G, Medan Kampung Relau, Kampung Seberang Paya, 14900 Bayan Lepas, Pulau Pinang",Korean ,04-640 2616,"{'Friday': 11:30 am to 3 pm, 5:30 pm to 11 pm', 'Saturday': '11:30 am to 11 pm', 'Sunday': '11:30 am to 11 pm', 'Monday': '11:30 am to 3 pm, 5:30 pm to 11 pm', 'Tuesday': '11:30 am to 3 pm, 5:30 pm to 11 pm', 'Wednesday': '11:30 am to 3 pm, 5:30 pm to 11 pm', 'Thursday': '11:30 am to 3 pm, 5:30 pm to 11 pm'}",2,No
4.5,Mr.Shawerma @ USM,"2-1-8, University Place, Halaman Bukit Gambir, Sunway Bukit Gambier, 11700 Gelugor, Penang",Middle Eastern ,018-406 1077,"{'Friday': 12 pm to 10 pm', 'Saturday': '12 pm to 10 pm', 'Sunday': '12 pm to 10 pm', 'Monday': '12 pm to 10 pm', 'Tuesday': '12 pm to 10 pm', 'Wednesday': '12 pm to 10 pm', 'Thursday': '12 pm to 10 pm'}",1,Yes
4.3,Dandy @ Arena Curve (Halal),"No. 72-1-17 Arena Curve, Jalan Mahsuri, 11950 Bayan Lepas, Pulau Pinang",Middle Eastern ,017-557 3141,"{'Friday': '11 am to 10 pm', 'Saturday': '11 am to 10 pm', 'Sunday': '11 am to 10 pm', 'Monday': '11 am to 10 pm', 'Tuesday': '11 am to 10 pm', 'Wednesday': '11 am to 10 pm', 'Thursday': '11 am to 10 pm'}",2,Yes
4.8,Warna Cuisine,"21, Lorong Chulia, George Town, 10200 George Town, Pulau Pinang",Middle Eastern ,012-551 1752,"{'Friday': '11 am to 10 pm', 'Saturday': '11 am to 10 pm', 'Sunday': '11 am to 10 pm', 'Monday': '11 am to 10 pm', 'Tuesday': 'Closed', 'Wednesday': '11 am to 10 pm', 'Thursday': '11 am to 10 pm'}",2,Yes
4.9,Damas Penang,"114, Jalan Burma, George Town, 10050 George Town, Pulau Pinang",Middle Eastern ,04-240 2724,"{'Friday': '12 pm to 12 am', 'Saturday': '12 pm to 12 am', 'Sunday': '12 pm to 12 am', 'Monday': '12 pm to 12 am', 'Tuesday': '12 pm to 12 am', 'Wednesday': '12 pm to 12 am', 'Thursday': '12 pm to 12 am'}",2,Yes
4.9,Damas King,"568-A TEPI, Jalan Batu Ferringhi, 11100 Batu Ferringhi, Pulau Pinang",Middle Eastern ,011-3724 4280,"{'Friday': '5 pm to 12 am', 'Saturday': '11 am to 1 am', 'Sunday': '11 am to 1 am', 'Monday': '5 pm to 12 am', 'Tuesday': '5 pm to 12 am', 'Wednesday': '5 pm to 12 am', 'Thursday': '5 pm to 12 am'}",1,Yes
4.2,Hainantown @ Yeng Keng Nyonya Restaurant,"366, Chulia St, Georgetown, 10450 George Town, Penang",Nyonya ,04-263 3177,"{'Friday': '11:30 am to 3 pm, 6 pm to 10 pm', 'Saturday': '11:30 am to 3 pm, 6 pm to 10 pm', 'Sunday': '11:30 am to 3 pm, 6 pm to 10 pm', 'Monday': '11:30 am to 3 pm, 6 pm to 10 pm', 'Tuesday': 'Closed', 'Wednesday': '11:30 am to 3 pm, 6 pm to 10 pm', 'Thursday': '11:30 am to 3 pm, 6 pm to 10 pm'}",2,No
3.3,Little Nyonya,"100, Persiaran Bayan Indah, 11900 Bayan Lepas, Pulau Pinang",Nyonya ,04-611 5183,"['Friday': '10:30 am to 10:30 pm', 'Saturday': '10:30 am to 10:30 pm', 'Sunday': '10:30 am to 10:30 pm', 'Monday': '10:30 am to 10:30 pm', 'Tuesday': '10:30 am to 10:30 pm', 'Wednesday': '10:30 am to 10:30 pm', 'Thursday': '10:30 am to 10:30 pm'}",2,No
